congress,member_a,member_b,party_a,party_b,nominate_a,nominate_b,distance,weight
117,10428,10661,Democrat,Republican,-0.4927,0.6664,1.1591,1
117,10428,10776,Democrat,Republican,-0.4927,0.5595,1.0522,4
117,10428,10815,Democrat,Republican,-0.4927,0.4986,0.9913,2
117,10429,10658,Democrat,Republican,-0.356,0.4602,0.8162,1
117,10429,10798,Democrat,Republican,-0.356,0.4965,0.8525,2
117,10429,10859,Democrat,Republican,-0.356,0.6295,0.9855,2
117,10430,10668,Democrat,Republican,-0.5563,0.6223,1.1786,1
117,10430,10835,Democrat,Republican,-0.5563,0.6881,1.2444,2
117,10431,10789,Democrat,Republican,-0.4859,0.3832,0.8691,1
117,10431,10832,Democrat,Republican,-0.4859,0.5656,1.0515,1
117,10432,10674,Democrat,Republican,-0.3626,0.4572,0.8198,1
117,10432,10677,Democrat,Republican,-0.3626,0.6392,1.0018,4
117,10432,10687,Democrat,Republican,-0.3626,0.3926,0.7552,1
117,10432,10713,Democrat,Republican,-0.3626,0.4112,0.7738,1
117,10432,10737,Democrat,Republican,-0.3626,0.6757,1.0383,1
117,10432,10744,Democrat,Republican,-0.3626,0.5047,0.8673,1
117,10432,10750,Democrat,Republican,-0.3626,0.5256,0.8882,3
117,10432,10753,Democrat,Republican,-0.3626,0.3376,0.7002,1
117,10432,10796,Democrat,Republican,-0.3626,0.515,0.8776,1
117,10432,10801,Democrat,Republican,-0.3626,0.4889,0.8515,1
117,10432,10823,Democrat,Republican,-0.3626,0.3984,0.761,3
117,10432,10856,Democrat,Republican,-0.3626,0.4707,0.8333,1
117,10433,10679,Democrat,Republican,-0.4232,0.4923,0.9155,1
117,10433,10730,Democrat,Republican,-0.4232,0.4402,0.8634,2
117,10433,10772,Democrat,Republican,-0.4232,0.6821,1.1053,4
117,10433,10779,Democrat,Republican,-0.4232,0.5751,0.9983,1
117,10433,10815,Democrat,Republican,-0.4232,0.4986,0.9218,3
117,10434,10678,Democrat,Republican,-0.4541,0.556,1.0101,1
117,10434,10783,Democrat,Republican,-0.4541,0.4733,0.9274,5
117,10434,10818,Democrat,Republican,-0.4541,0.5582,1.0123,1
117,10434,10826,Democrat,Republican,-0.4541,0.515,0.9691,2
117,10434,10838,Democrat,Republican,-0.4541,0.4784,0.9325,1
117,10435,10652,Democrat,Republican,-0.4287,0.5611,0.9898,6
117,10435,10706,Democrat,Republican,-0.4287,0.4764,0.9051,1
117,10435,10710,Democrat,Republican,-0.4287,0.4901,0.9188,1
117,10435,10767,Democrat,Republican,-0.4287,0.2683,0.697,2
117,10435,10790,Democrat,Republican,-0.4287,0.499,0.9277,2
117,10435,10853,Democrat,Republican,-0.4287,0.5216,0.9503,1
117,10435,10855,Democrat,Republican,-0.4287,0.4668,0.8955,2
117,10436,10678,Democrat,Republican,-0.4347,0.556,0.9907,1
117,10436,10709,Democrat,Republican,-0.4347,0.5236,0.9583,6
117,10436,10711,Democrat,Republican,-0.4347,0.6457,1.0804,1
117,10436,10715,Democrat,Republican,-0.4347,0.5179,0.9526,2
117,10436,10752,Democrat,Republican,-0.4347,0.639,1.0737,1
117,10436,10809,Democrat,Republican,-0.4347,0.4824,0.9171,8
117,10436,10817,Democrat,Republican,-0.4347,0.5486,0.9833,3
117,10436,10855,Democrat,Republican,-0.4347,0.4668,0.9015,6
117,10437,10673,Democrat,Republican,-0.5789,0.4614,1.0403,4
117,10437,10685,Democrat,Republican,-0.5789,0.398,0.9769,4
117,10437,10695,Democrat,Republican,-0.5789,0.6016,1.1805,1
117,10437,10718,Democrat,Republican,-0.5789,0.6074,1.1863,2
117,10437,10759,Democrat,Republican,-0.5789,0.5767,1.1556,1
117,10437,10764,Democrat,Republican,-0.5789,0.6841,1.263,1
117,10437,10837,Democrat,Republican,-0.5789,0.478,1.0569,1
117,10437,10862,Democrat,Republican,-0.5789,0.4197,0.9986,5
117,10438,10653,Democrat,Republican,-0.4797,0.5051,0.9848,2
117,10438,10701,Democrat,Republican,-0.4797,0.4898,0.9695,1
117,10438,10704,Democrat,Republican,-0.4797,0.6545,1.1342,1
117,10438,10719,Democrat,Republican,-0.4797,0.6745,1.1542,1
117,10438,10767,Democrat,Republican,-0.4797,0.2683,0.748,1
117,10438,10780,Democrat,Republican,-0.4797,0.5467,1.0264,1
117,10438,10804,Democrat,Republican,-0.4797,0.544,1.0237,2
117,10438,10839,Democrat,Republican,-0.4797,0.4906,0.9703,1
117,10438,10855,Democrat,Republican,-0.4797,0.4668,0.9465,1
117,10439,10679,Democrat,Republican,-0.3126,0.4923,0.8049,4
117,10439,10740,Democrat,Republican,-0.3126,0.4091,0.7217,1
117,10439,10748,Democrat,Republican,-0.3126,0.4553,0.7679,1
117,10439,10761,Democrat,Republican,-0.3126,0.6241,0.9367,2
117,10439,10777,Democrat,Republican,-0.3126,0.3985,0.7111,1
117,10439,10782,Democrat,Republican,-0.3126,0.3932,0.7058,3
117,10439,10788,Democrat,Republican,-0.3126,0.5327,0.8453,1
117,10439,10789,Democrat,Republican,-0.3126,0.3832,0.6958,1
117,10439,10806,Democrat,Republican,-0.3126,0.4805,0.7931,1
117,10440,10661,Democrat,Republican,-0.506,0.6664,1.1724,1
117,10440,10675,Democrat,Republican,-0.506,0.4071,0.9131,1
117,10440,10709,Democrat,Republican,-0.506,0.5236,1.0296,2
117,10440,10731,Democrat,Republican,-0.506,0.3987,0.9047,3
117,10440,10778,Democrat,Republican,-0.506,0.5123,1.0183,1
117,10440,10802,Democrat,Republican,-0.506,0.5861,1.0921,1
117,10440,10830,Democrat,Republican,-0.506,0.4864,0.9924,1
117,10440,10834,Democrat,Republican,-0.506,0.5174,1.0234,2
117,10441,10692,Democrat,Republican,-0.4771,0.6185,1.0956,4
117,10441,10729,Democrat,Republican,-0.4771,0.3338,0.8109,3
117,10441,10752,Democrat,Republican,-0.4771,0.639,1.1161,2
117,10441,10846,Democrat,Republican,-0.4771,0.5214,0.9985,3
117,10442,10718,Democrat,Republican,-0.496,0.6074,1.1034,2
117,10442,10732,Democrat,Republican,-0.496,0.5703,1.0663,2
117,10442,10771,Democrat,Republican,-0.496,0.6514,1.1474,6
117,10443,10722,Democrat,Republican,-0.4574,0.3619,0.8193,1
117,10443,10810,Democrat,Republican,-0.4574,0.5857,1.0431,2
117,10443,10818,Democrat,Republican,-0.4574,0.5582,1.0156,5
117,10444,10688,Democrat,Republican,-0.4996,0.5166,1.0162,6
117,10444,10708,Democrat,Republican,-0.4996,0.4596,0.9592,2
117,10444,10713,Democrat,Republican,-0.4996,0.4112,0.9108,1
117,10444,10767,Democrat,Republican,-0.4996,0.2683,0.7679,2
117,10445,10717,Democrat,Republican,-0.4086,0.5442,0.9528,1
117,10445,10728,Democrat,Republican,-0.4086,0.407,0.8156,1
117,10445,10736,Democrat,Republican,-0.4086,0.2491,0.6577,1
117,10445,10774,Democrat,Republican,-0.4086,0.6614,1.07,2
117,10445,10853,Democrat,Republican,-0.4086,0.5216,0.9302,4
117,10445,10860,Democrat,Republican,-0.4086,0.492,0.9006,1
117,10446,10690,Democrat,Republican,-0.4332,0.4945,0.9277,2
117,10446,10696,Democrat,Republican,-0.4332,0.4431,0.8763,3
117,10446,10716,Democrat,Republican,-0.4332,0.4033,0.8365,2
117,10446,10750,Democrat,Republican,-0.4332,0.5256,0.9588,4
117,10446,10787,Democrat,Republican,-0.4332,0.6352,1.0684,1
117,10446,10856,Democrat,Republican,-0.4332,0.4707,0.9039,7
117,10447,10693,Democrat,Republican,-0.3842,0.6362,1.0204,2
117,10447,10722,Democrat,Republican,-0.3842,0.3619,0.7461,1
117,10448,10669,Democrat,Republican,-0.5393,0.5459,1.0852,2
117,10448,10703,Democrat,Republican,-0.5393,0.5021,1.0414,2
117,10448,10721,Democrat,Republican,-0.5393,0.5226,1.0619,2
117,10448,10740,Democrat,Republican,-0.5393,0.4091,0.9484,1
117,10448,10752,Democrat,Republican,-0.5393,0.639,1.1783,2
117,10448,10768,Democrat,Republican,-0.5393,0.6821,1.2214,1
117,10448,10794,Democrat,Republican,-0.5393,0.5797,1.119,2
117,10449,10731,Democrat,Republican,-0.4789,0.3987,0.8776,6
117,10449,10760,Democrat,Republican,-0.4789,0.4587,0.9376,6
117,10449,10777,Democrat,Republican,-0.4789,0.3985,0.8774,2
117,10449,10784,Democrat,Republican,-0.4789,0.6127,1.0916,4
117,10449,10827,Democrat,Republican,-0.4789,0.5065,0.9854,1
117,10449,10828,Democrat,Republican,-0.4789,0.5653,1.0442,4
117,10449,10857,Democrat,Republican,-0.4789,0.5688,1.0477,3
117,10450,10686,Democrat,Republican,-0.4692,0.4635,0.9327,1
117,10450,10710,Democrat,Republican,-0.4692,0.4901,0.9593,1
117,10450,10734,Democrat,Republican,-0.4692,0.4916,0.9608,2
117,10450,10746,Democrat,Republican,-0.4692,0.5334,1.0026,3
117,10450,10755,Democrat,Republican,-0.4692,0.4877,0.9569,9
117,10450,10762,Democrat,Republican,-0.4692,0.579,1.0482,4
117,10450,10782,Democrat,Republican,-0.4692,0.3932,0.8624,1
117,10450,10785,Democrat,Republican,-0.4692,0.6822,1.1514,1
117,10451,10652,Democrat,Republican,-0.4113,0.5611,0.9724,3
117,10451,10669,Democrat,Republican,-0.4113,0.5459,0.9572,4
117,10451,10694,Democrat,Republican,-0.4113,0.532,0.9433,3
117,10451,10697,Democrat,Republican,-0.4113,0.664,1.0753,2
117,10451,10705,Democrat,Republican,-0.4113,0.5929,1.0042,3
117,10451,10713,Democrat,Republican,-0.4113,0.4112,0.8225,4
117,10451,10724,Democrat,Republican,-0.4113,0.5464,0.9577,1
117,10451,10752,Democrat,Republican,-0.4113,0.639,1.0503,11
117,10451,10856,Democrat,Republican,-0.4113,0.4707,0.882,2
117,10452,10650,Democrat,Republican,-0.5174,0.4025,0.9199,2
117,10452,10732,Democrat,Republican,-0.5174,0.5703,1.0877,1
117,10452,10760,Democrat,Republican,-0.5174,0.4587,0.9761,6
117,10452,10824,Democrat,Republican,-0.5174,0.5735,1.0909,4
117,10452,10836,Democrat,Republican,-0.5174,0.5188,1.0362,1
117,10452,10848,Democrat,Republican,-0.5174,0.6566,1.174,4
117,10453,10674,Democrat,Republican,-0.3722,0.4572,0.8294,2
117,10453,10676,Democrat,Republican,-0.3722,0.4941,0.8663,1
117,10453,10682,Democrat,Republican,-0.3722,0.5486,0.9208,2
117,10453,10685,Democrat,Republican,-0.3722,0.398,0.7702,1
117,10453,10703,Democrat,Republican,-0.3722,0.5021,0.8743,2
117,10453,10738,Democrat,Republican,-0.3722,0.45,0.8222,2
117,10453,10752,Democrat,Republican,-0.3722,0.639,1.0112,5
117,10453,10755,Democrat,Republican,-0.3722,0.4877,0.8599,1
117,10453,10757,Democrat,Republican,-0.3722,0.5269,0.8991,3
117,10453,10830,Democrat,Republican,-0.3722,0.4864,0.8586,5
117,10453,10851,Democrat,Republican,-0.3722,0.4622,0.8344,1
117,10453,10852,Democrat,Republican,-0.3722,0.6023,0.9745,6
117,10453,10853,Democrat,Republican,-0.3722,0.5216,0.8938,3
117,10453,10860,Democrat,Republican,-0.3722,0.492,0.8642,1
117,10454,10685,Democrat,Republican,-0.3492,0.398,0.7472,6
117,10454,10688,Democrat,Republican,-0.3492,0.5166,0.8658,2
117,10454,10753,Democrat,Republican,-0.3492,0.3376,0.6868,2
117,10454,10774,Democrat,Republican,-0.3492,0.6614,1.0106,1
117,10454,10805,Democrat,Republican,-0.3492,0.6237,0.9729,1
117,10454,10813,Democrat,Republican,-0.3492,0.531,0.8802,1
117,10454,10825,Democrat,Republican,-0.3492,0.4396,0.7888,3
117,10454,10846,Democrat,Republican,-0.3492,0.5214,0.8706,1
117,10455,10749,Democrat,Republican,-0.5341,0.3695,0.9036,3
117,10455,10763,Democrat,Republican,-0.5341,0.5112,1.0453,2
117,10455,10844,Democrat,Republican,-0.5341,0.5932,1.1273,2
117,10455,10859,Democrat,Republican,-0.5341,0.6295,1.1636,8
117,10456,10711,Democrat,Republican,-0.4917,0.6457,1.1374,1
117,10456,10719,Democrat,Republican,-0.4917,0.6745,1.1662,1
117,10456,10766,Democrat,Republican,-0.4917,0.624,1.1157,3
117,10456,10802,Democrat,Republican,-0.4917,0.5861,1.0778,3
117,10456,10842,Democrat,Republican,-0.4917,0.4388,0.9305,2
117,10457,10725,Democrat,Republican,-0.4952,0.5975,1.0927,3
117,10457,10736,Democrat,Republican,-0.4952,0.2491,0.7443,1
117,10457,10757,Democrat,Republican,-0.4952,0.5269,1.0221,1
117,10457,10766,Democrat,Republican,-0.4952,0.624,1.1192,3
117,10457,10778,Democrat,Republican,-0.4952,0.5123,1.0075,2
117,10457,10795,Democrat,Republican,-0.4952,0.6168,1.112,1
117,10457,10824,Democrat,Republican,-0.4952,0.5735,1.0687,7
117,10457,10830,Democrat,Republican,-0.4952,0.4864,0.9816,1
117,10457,10845,Democrat,Republican,-0.4952,0.5057,1.0009,2
117,10458,10651,Democrat,Republican,-0.2262,0.5203,0.7465,1
117,10458,10653,Democrat,Republican,-0.2262,0.5051,0.7313,1
117,10458,10664,Democrat,Republican,-0.2262,0.3856,0.6118,3
117,10458,10667,Democrat,Republican,-0.2262,0.6167,0.8429,3
117,10458,10687,Democrat,Republican,-0.2262,0.3926,0.6188,5
117,10458,10705,Democrat,Republican,-0.2262,0.5929,0.8191,2
117,10458,10707,Democrat,Republican,-0.2262,0.5429,0.7691,3
117,10458,10709,Democrat,Republican,-0.2262,0.5236,0.7498,1
117,10458,10716,Democrat,Republican,-0.2262,0.4033,0.6295,3
117,10458,10730,Democrat,Republican,-0.2262,0.4402,0.6664,1
117,10458,10731,Democrat,Republican,-0.2262,0.3987,0.6249,1
117,10458,10736,Democrat,Republican,-0.2262,0.2491,0.4753,2
117,10458,10737,Democrat,Republican,-0.2262,0.6757,0.9019,5
117,10458,10748,Democrat,Republican,-0.2262,0.4553,0.6815,2
117,10458,10784,Democrat,Republican,-0.2262,0.6127,0.8389,1
117,10458,10788,Democrat,Republican,-0.2262,0.5327,0.7589,4
117,10458,10789,Democrat,Republican,-0.2262,0.3832,0.6094,2
117,10458,10798,Democrat,Republican,-0.2262,0.4965,0.7227,3
117,10458,10813,Democrat,Republican,-0.2262,0.531,0.7572,3
117,10458,10816,Democrat,Republican,-0.2262,0.5095,0.7357,5
117,10458,10841,Democrat,Republican,-0.2262,0.4248,0.651,4
117,10458,10861,Democrat,Republican,-0.2262,0.5265,0.7527,1
117,10459,10670,Democrat,Republican,-0.4865,0.4859,0.9724,1
117,10459,10687,Democrat,Republican,-0.4865,0.3926,0.8791,1
117,10459,10690,Democrat,Republican,-0.4865,0.4945,0.981,2
117,10459,10741,Democrat,Republican,-0.4865,0.6275,1.114,4
117,10459,10743,Democrat,Republican,-0.4865,0.4656,0.9521,5
117,10459,10746,Democrat,Republican,-0.4865,0.5334,1.0199,2
117,10459,10767,Democrat,Republican,-0.4865,0.2683,0.7548,3
117,10459,10777,Democrat,Republican,-0.4865,0.3985,0.885,3
117,10459,10780,Democrat,Republican,-0.4865,0.5467,1.0332,8
117,10459,10815,Democrat,Republican,-0.4865,0.4986,0.9851,7
117,10459,10822,Democrat,Republican,-0.4865,0.5342,1.0207,3
117,10460,10687,Democrat,Republican,-0.3074,0.3926,0.7,1
117,10460,10694,Democrat,Republican,-0.3074,0.532,0.8394,5
117,10460,10718,Democrat,Republican,-0.3074,0.6074,0.9148,4
117,10460,10768,Democrat,Republican,-0.3074,0.6821,0.9895,2
117,10460,10789,Democrat,Republican,-0.3074,0.3832,0.6906,8
117,10460,10797,Democrat,Republican,-0.3074,0.3687,0.6761,3
117,10460,10814,Democrat,Republican,-0.3074,0.5593,0.8667,1
117,10460,10825,Democrat,Republican,-0.3074,0.4396,0.747,2
117,10460,10856,Democrat,Republican,-0.3074,0.4707,0.7781,5
117,10461,10675,Democrat,Republican,-0.5577,0.4071,0.9648,1
117,10461,10709,Democrat,Republican,-0.5577,0.5236,1.0813,9
117,10461,10714,Democrat,Republican,-0.5577,0.3669,0.9246,1
117,10461,10727,Democrat,Republican,-0.5577,0.5008,1.0585,2
117,10461,10748,Democrat,Republican,-0.5577,0.4553,1.013,5
117,10461,10800,Democrat,Republican,-0.5577,0.6501,1.2078,3
117,10461,10817,Democrat,Republican,-0.5577,0.5486,1.1063,2
117,10462,10664,Democrat,Republican,-0.5341,0.3856,0.9197,1
117,10462,10681,Democrat,Republican,-0.5341,0.4651,0.9992,2
117,10462,10730,Democrat,Republican,-0.5341,0.4402,0.9743,1
117,10462,10760,Democrat,Republican,-0.5341,0.4587,0.9928,1
117,10462,10815,Democrat,Republican,-0.5341,0.4986,1.0327,1
117,10462,10861,Democrat,Republican,-0.5341,0.5265,1.0606,2
117,10463,10808,Democrat,Republican,-0.5084,0.5389,1.0473,16
117,10463,10825,Democrat,Republican,-0.5084,0.4396,0.948,3
117,10463,10851,Democrat,Republican,-0.5084,0.4622,0.9706,1
117,10464,10686,Democrat,Republican,-0.5219,0.4635,0.9854,1
117,10464,10688,Democrat,Republican,-0.5219,0.5166,1.0385,4
117,10464,10689,Democrat,Republican,-0.5219,0.649,1.1709,5
117,10464,10711,Democrat,Republican,-0.5219,0.6457,1.1676,1
117,10464,10791,Democrat,Republican,-0.5219,0.5167,1.0386,2
117,10464,10823,Democrat,Republican,-0.5219,0.3984,0.9203,1
117,10465,10675,Democrat,Republican,-0.4728,0.4071,0.8799,1
117,10465,10697,Democrat,Republican,-0.4728,0.664,1.1368,6
117,10465,10724,Democrat,Republican,-0.4728,0.5464,1.0192,2
117,10465,10792,Democrat,Republican,-0.4728,0.4953,0.9681,3
117,10465,10806,Democrat,Republican,-0.4728,0.4805,0.9533,1
117,10465,10811,Democrat,Republican,-0.4728,0.4758,0.9486,1
117,10465,10822,Democrat,Republican,-0.4728,0.5342,1.007,2
117,10465,10835,Democrat,Republican,-0.4728,0.6881,1.1609,1
117,10466,10655,Democrat,Republican,-0.5102,0.4634,0.9736,1
117,10466,10718,Democrat,Republican,-0.5102,0.6074,1.1176,1
117,10466,10773,Democrat,Republican,-0.5102,0.6191,1.1293,2
117,10466,10782,Democrat,Republican,-0.5102,0.3932,0.9034,1
117,10467,10664,Democrat,Republican,-0.5196,0.3856,0.9052,2
117,10467,10693,Democrat,Republican,-0.5196,0.6362,1.1558,1
117,10467,10776,Democrat,Republican,-0.5196,0.5595,1.0791,4
117,10467,10795,Democrat,Republican,-0.5196,0.6168,1.1364,3
117,10467,10802,Democrat,Republican,-0.5196,0.5861,1.1057,1
117,10468,10658,Democrat,Republican,-0.3515,0.4602,0.8117,2
117,10468,10662,Democrat,Republican,-0.3515,0.5621,0.9136,3
117,10468,10689,Democrat,Republican,-0.3515,0.649,1.0005,3
117,10468,10743,Democrat,Republican,-0.3515,0.4656,0.8171,1
117,10468,10786,Democrat,Republican,-0.3515,0.6225,0.974,5
117,10468,10797,Democrat,Republican,-0.3515,0.3687,0.7202,2
117,10468,10800,Democrat,Republican,-0.3515,0.6501,1.0016,2
117,10468,10803,Democrat,Republican,-0.3515,0.5661,0.9176,2
117,10468,10830,Democrat,Republican,-0.3515,0.4864,0.8379,1
117,10469,10661,Democrat,Republican,-0.346,0.6664,1.0124,8
117,10469,10664,Democrat,Republican,-0.346,0.3856,0.7316,1
117,10469,10724,Democrat,Republican,-0.346,0.5464,0.8924,2
117,10469,10727,Democrat,Republican,-0.346,0.5008,0.8468,1
117,10469,10729,Democrat,Republican,-0.346,0.3338,0.6798,2
117,10469,10751,Democrat,Republican,-0.346,0.5693,0.9153,4
117,10469,10752,Democrat,Republican,-0.346,0.639,0.985,12
117,10469,10758,Democrat,Republican,-0.346,0.529,0.875,2
117,10469,10786,Democrat,Republican,-0.346,0.6225,0.9685,1
117,10469,10790,Democrat,Republican,-0.346,0.499,0.845,4
117,10469,10791,Democrat,Republican,-0.346,0.5167,0.8627,2
117,10469,10807,Democrat,Republican,-0.346,0.4882,0.8342,3
117,10469,10821,Democrat,Republican,-0.346,0.4508,0.7968,3
117,10470,10804,Democrat,Republican,-0.3693,0.544,0.9133,1
117,10471,10664,Democrat,Republican,-0.4055,0.3856,0.7911,1
117,10471,10699,Democrat,Republican,-0.4055,0.5869,0.9924,3
117,10471,10707,Democrat,Republican,-0.4055,0.5429,0.9484,3
117,10471,10712,Democrat,Republican,-0.4055,0.7304,1.1359,12
117,10471,10717,Democrat,Republican,-0.4055,0.5442,0.9497,1
117,10471,10763,Democrat,Republican,-0.4055,0.5112,0.9167,5
117,10471,10766,Democrat,Republican,-0.4055,0.624,1.0295,4
117,10472,10767,Democrat,Republican,-0.4421,0.2683,0.7104,1
117,10472,10782,Democrat,Republican,-0.4421,0.3932,0.8353,2
117,10472,10795,Democrat,Republican,-0.4421,0.6168,1.0589,3
117,10472,10808,Democrat,Republican,-0.4421,0.5389,0.981,3
117,10472,10834,Democrat,Republican,-0.4421,0.5174,0.9595,1
117,10473,10674,Democrat,Republican,-0.4922,0.4572,0.9494,2
117,10473,10821,Democrat,Republican,-0.4922,0.4508,0.943,3
117,10473,10849,Democrat,Republican,-0.4922,0.5146,1.0068,1
117,10473,10859,Democrat,Republican,-0.4922,0.6295,1.1217,1
117,10474,10686,Democrat,Republican,-0.531,0.4635,0.9945,2
117,10475,10664,Democrat,Republican,-0.4191,0.3856,0.8047,2
117,10475,10687,Democrat,Republican,-0.4191,0.3926,0.8117,3
117,10475,10691,Democrat,Republican,-0.4191,0.494,0.9131,5
117,10475,10729,Democrat,Republican,-0.4191,0.3338,0.7529,2
117,10475,10736,Democrat,Republican,-0.4191,0.2491,0.6682,3
117,10475,10740,Democrat,Republican,-0.4191,0.4091,0.8282,2
117,10475,10760,Democrat,Republican,-0.4191,0.4587,0.8778,2
117,10475,10797,Democrat,Republican,-0.4191,0.3687,0.7878,2
117,10475,10811,Democrat,Republican,-0.4191,0.4758,0.8949,1
117,10475,10854,Democrat,Republican,-0.4191,0.5052,0.9243,3
117,10476,10713,Democrat,Republican,-0.5498,0.4112,0.961,1
117,10476,10753,Democrat,Republican,-0.5498,0.3376,0.8874,1
117,10477,10670,Democrat,Republican,-0.5345,0.4859,1.0204,2
117,10477,10714,Democrat,Republican,-0.5345,0.3669,0.9014,1
117,10477,10729,Democrat,Republican,-0.5345,0.3338,0.8683,1
117,10477,10734,Democrat,Republican,-0.5345,0.4916,1.0261,6
117,10477,10745,Democrat,Republican,-0.5345,0.691,1.2255,2
117,10477,10779,Democrat,Republican,-0.5345,0.5751,1.1096,4
117,10477,10804,Democrat,Republican,-0.5345,0.544,1.0785,2
117,10477,10860,Democrat,Republican,-0.5345,0.492,1.0265,1
117,10478,10694,Democrat,Republican,-0.352,0.532,0.884,1
117,10478,10721,Democrat,Republican,-0.352,0.5226,0.8746,1
117,10478,10741,Democrat,Republican,-0.352,0.6275,0.9795,3
117,10478,10762,Democrat,Republican,-0.352,0.579,0.931,3
117,10478,10768,Democrat,Republican,-0.352,0.6821,1.0341,3
117,10478,10777,Democrat,Republican,-0.352,0.3985,0.7505,1
117,10478,10795,Democrat,Republican,-0.352,0.6168,0.9688,1
117,10478,10815,Democrat,Republican,-0.352,0.4986,0.8506,1
117,10479,10710,Democrat,Republican,-0.2884,0.4901,0.7785,1
117,10479,10743,Democrat,Republican,-0.2884,0.4656,0.754,5
117,10479,10748,Democrat,Republican,-0.2884,0.4553,0.7437,1
117,10479,10754,Democrat,Republican,-0.2884,0.4387,0.7271,6
117,10479,10782,Democrat,Republican,-0.2884,0.3932,0.6816,1
117,10479,10803,Democrat,Republican,-0.2884,0.5661,0.8545,3
117,10479,10827,Democrat,Republican,-0.2884,0.5065,0.7949,1
117,10479,10852,Democrat,Republican,-0.2884,0.6023,0.8907,13
117,10480,10738,Democrat,Republican,-0.4166,0.45,0.8666,2
117,10480,10741,Democrat,Republican,-0.4166,0.6275,1.0441,1
117,10480,10742,Democrat,Republican,-0.4166,0.5529,0.9695,1
117,10480,10825,Democrat,Republican,-0.4166,0.4396,0.8562,6
117,10481,10673,Democrat,Republican,-0.356,0.4614,0.8174,2
117,10481,10683,Democrat,Republican,-0.356,0.5238,0.8798,2
117,10481,10763,Democrat,Republican,-0.356,0.5112,0.8672,1
117,10481,10776,Democrat,Republican,-0.356,0.5595,0.9155,1
117,10481,10784,Democrat,Republican,-0.356,0.6127,0.9687,2
117,10482,10679,Democrat,Republican,-0.4709,0.4923,0.9632,3
117,10482,10716,Democrat,Republican,-0.4709,0.4033,0.8742,1
117,10482,10759,Democrat,Republican,-0.4709,0.5767,1.0476,1
117,10482,10777,Democrat,Republican,-0.4709,0.3985,0.8694,1
117,10482,10809,Democrat,Republican,-0.4709,0.4824,0.9533,2
117,10483,10702,Democrat,Republican,-0.5637,0.5952,1.1589,1
117,10483,10719,Democrat,Republican,-0.5637,0.6745,1.2382,1
117,10483,10723,Democrat,Republican,-0.5637,0.5424,1.1061,3
117,10483,10738,Democrat,Republican,-0.5637,0.45,1.0137,2
117,10483,10748,Democrat,Republican,-0.5637,0.4553,1.019,2
117,10483,10751,Democrat,Republican,-0.5637,0.5693,1.133,1
117,10483,10859,Democrat,Republican,-0.5637,0.6295,1.1932,2
117,10484,10692,Democrat,Republican,-0.398,0.6185,1.0165,1
117,10484,10706,Democrat,Republican,-0.398,0.4764,0.8744,1
117,10484,10722,Democrat,Republican,-0.398,0.3619,0.7599,2
117,10484,10748,Democrat,Republican,-0.398,0.4553,0.8533,1
117,10484,10787,Democrat,Republican,-0.398,0.6352,1.0332,2
117,10484,10823,Democrat,Republican,-0.398,0.3984,0.7964,3
117,10484,10841,Democrat,Republican,-0.398,0.4248,0.8228,2
117,10485,10650,Democrat,Republican,-0.4016,0.4025,0.8041,2
117,10485,10751,Democrat,Republican,-0.4016,0.5693,0.9709,1
117,10485,10858,Democrat,Republican,-0.4016,0.4216,0.8232,2
117,10486,10660,Democrat,Republican,-0.4439,0.4339,0.8778,2
117,10486,10678,Democrat,Republican,-0.4439,0.556,0.9999,1
117,10486,10702,Democrat,Republican,-0.4439,0.5952,1.0391,1
117,10486,10775,Democrat,Republican,-0.4439,0.7195,1.1634,2
117,10486,10796,Democrat,Republican,-0.4439,0.515,0.9589,3
117,10486,10814,Democrat,Republican,-0.4439,0.5593,1.0032,1
117,10486,10826,Democrat,Republican,-0.4439,0.515,0.9589,3
117,10486,10839,Democrat,Republican,-0.4439,0.4906,0.9345,3
117,10486,10848,Democrat,Republican,-0.4439,0.6566,1.1005,2
117,10487,10660,Democrat,Republican,-0.4706,0.4339,0.9045,1
117,10487,10686,Democrat,Republican,-0.4706,0.4635,0.9341,1
117,10487,10743,Democrat,Republican,-0.4706,0.4656,0.9362,2
117,10487,10814,Democrat,Republican,-0.4706,0.5593,1.0299,4
117,10488,10701,Democrat,Republican,-0.3682,0.4898,0.858,3
117,10488,10734,Democrat,Republican,-0.3682,0.4916,0.8598,4
117,10488,10771,Democrat,Republican,-0.3682,0.6514,1.0196,1
117,10488,10776,Democrat,Republican,-0.3682,0.5595,0.9277,2
117,10488,10793,Democrat,Republican,-0.3682,0.5449,0.9131,1
117,10488,10825,Democrat,Republican,-0.3682,0.4396,0.8078,2
117,10488,10862,Democrat,Republican,-0.3682,0.4197,0.7879,6
117,10489,10709,Democrat,Republican,-0.5338,0.5236,1.0574,1
117,10489,10713,Democrat,Republican,-0.5338,0.4112,0.945,7
117,10489,10765,Democrat,Republican,-0.5338,0.6801,1.2139,1
117,10489,10780,Democrat,Republican,-0.5338,0.5467,1.0805,4
117,10489,10804,Democrat,Republican,-0.5338,0.544,1.0778,1
117,10490,10655,Democrat,Republican,-0.5158,0.4634,0.9792,2
117,10490,10732,Democrat,Republican,-0.5158,0.5703,1.0861,3
117,10490,10790,Democrat,Republican,-0.5158,0.499,1.0148,1
117,10491,10671,Democrat,Republican,-0.5357,0.6102,1.1459,4
117,10491,10753,Democrat,Republican,-0.5357,0.3376,0.8733,1
117,10491,10822,Democrat,Republican,-0.5357,0.5342,1.0699,4
117,10491,10830,Democrat,Republican,-0.5357,0.4864,1.0221,2
117,10492,10663,Democrat,Republican,-0.4428,0.6255,1.0683,3
117,10492,10667,Democrat,Republican,-0.4428,0.6167,1.0595,2
117,10492,10678,Democrat,Republican,-0.4428,0.556,0.9988,3
117,10492,10700,Democrat,Republican,-0.4428,0.3524,0.7952,2
117,10492,10706,Democrat,Republican,-0.4428,0.4764,0.9192,3
117,10492,10748,Democrat,Republican,-0.4428,0.4553,0.8981,4
117,10492,10753,Democrat,Republican,-0.4428,0.3376,0.7804,8
117,10493,10685,Democrat,Republican,-0.5425,0.398,0.9405,2
117,10493,10730,Democrat,Republican,-0.5425,0.4402,0.9827,4
117,10493,10734,Democrat,Republican,-0.5425,0.4916,1.0341,1
117,10493,10746,Democrat,Republican,-0.5425,0.5334,1.0759,2
117,10493,10850,Democrat,Republican,-0.5425,0.4832,1.0257,1
117,10493,10851,Democrat,Republican,-0.5425,0.4622,1.0047,1
117,10493,10853,Democrat,Republican,-0.5425,0.5216,1.0641,2
117,10494,10675,Democrat,Republican,-0.5082,0.4071,0.9153,2
117,10494,10677,Democrat,Republican,-0.5082,0.6392,1.1474,3
117,10494,10801,Democrat,Republican,-0.5082,0.4889,0.9971,2
117,10494,10827,Democrat,Republican,-0.5082,0.5065,1.0147,1
117,10495,10658,Democrat,Republican,-0.51,0.4602,0.9702,1
117,10495,10674,Democrat,Republican,-0.51,0.4572,0.9672,6
117,10495,10733,Democrat,Republican,-0.51,0.4934,1.0034,1
117,10495,10767,Democrat,Republican,-0.51,0.2683,0.7783,2
117,10495,10844,Democrat,Republican,-0.51,0.5932,1.1032,3
117,10496,10655,Democrat,Republican,-0.4722,0.4634,0.9356,10
117,10496,10663,Democrat,Republican,-0.4722,0.6255,1.0977,2
117,10496,10748,Democrat,Republican,-0.4722,0.4553,0.9275,1
117,10496,10776,Democrat,Republican,-0.4722,0.5595,1.0317,4
117,10497,10697,Democrat,Republican,-0.5764,0.664,1.2404,2
117,10497,10828,Democrat,Republican,-0.5764,0.5653,1.1417,3
117,10498,10706,Democrat,Republican,-0.4426,0.4764,0.919,2
117,10498,10803,Democrat,Republican,-0.4426,0.5661,1.0087,1
117,10499,10654,Democrat,Republican,-0.344,0.3901,0.7341,2
117,10499,10691,Democrat,Republican,-0.344,0.494,0.838,1
117,10499,10742,Democrat,Republican,-0.344,0.5529,0.8969,1
117,10499,10760,Democrat,Republican,-0.344,0.4587,0.8027,1
117,10499,10767,Democrat,Republican,-0.344,0.2683,0.6123,6
117,10499,10777,Democrat,Republican,-0.344,0.3985,0.7425,2
117,10499,10783,Democrat,Republican,-0.344,0.4733,0.8173,3
117,10499,10784,Democrat,Republican,-0.344,0.6127,0.9567,1
117,10499,10792,Democrat,Republican,-0.344,0.4953,0.8393,1
117,10499,10803,Democrat,Republican,-0.344,0.5661,0.9101,5
117,10499,10813,Democrat,Republican,-0.344,0.531,0.875,7
117,10499,10818,Democrat,Republican,-0.344,0.5582,0.9022,8
117,10499,10829,Democrat,Republican,-0.344,0.4902,0.8342,6
117,10499,10842,Democrat,Republican,-0.344,0.4388,0.7828,3
117,10500,10704,Democrat,Republican,-0.4385,0.6545,1.093,2
117,10500,10706,Democrat,Republican,-0.4385,0.4764,0.9149,1
117,10500,10720,Democrat,Republican,-0.4385,0.5581,0.9966,2
117,10500,10727,Democrat,Republican,-0.4385,0.5008,0.9393,2
117,10500,10729,Democrat,Republican,-0.4385,0.3338,0.7723,1
117,10500,10742,Democrat,Republican,-0.4385,0.5529,0.9914,2
117,10500,10773,Democrat,Republican,-0.4385,0.6191,1.0576,4
117,10501,10650,Democrat,Republican,-0.319,0.4025,0.7215,4
117,10501,10651,Democrat,Republican,-0.319,0.5203,0.8393,3
117,10501,10664,Democrat,Republican,-0.319,0.3856,0.7046,2
117,10501,10695,Democrat,Republican,-0.319,0.6016,0.9206,1
117,10501,10696,Democrat,Republican,-0.319,0.4431,0.7621,1
117,10501,10708,Democrat,Republican,-0.319,0.4596,0.7786,4
117,10501,10748,Democrat,Republican,-0.319,0.4553,0.7743,3
117,10501,10792,Democrat,Republican,-0.319,0.4953,0.8143,4
117,10501,10837,Democrat,Republican,-0.319,0.478,0.797,5
117,10502,10671,Democrat,Republican,-0.3366,0.6102,0.9468,1
117,10502,10689,Democrat,Republican,-0.3366,0.649,0.9856,1
117,10502,10728,Democrat,Republican,-0.3366,0.407,0.7436,1
117,10502,10753,Democrat,Republican,-0.3366,0.3376,0.6742,1
117,10502,10769,Democrat,Republican,-0.3366,0.6115,0.9481,2
117,10502,10772,Democrat,Republican,-0.3366,0.6821,1.0187,2
117,10502,10791,Democrat,Republican,-0.3366,0.5167,0.8533,1
117,10502,10796,Democrat,Republican,-0.3366,0.515,0.8516,3
117,10502,10813,Democrat,Republican,-0.3366,0.531,0.8676,2
117,10502,10844,Democrat,Republican,-0.3366,0.5932,0.9298,6
117,10502,10856,Democrat,Republican,-0.3366,0.4707,0.8073,1
117,10503,10653,Democrat,Republican,-0.3839,0.5051,0.889,3
117,10503,10656,Democrat,Republican,-0.3839,0.6709,1.0548,1
117,10503,10702,Democrat,Republican,-0.3839,0.5952,0.9791,2
117,10503,10743,Democrat,Republican,-0.3839,0.4656,0.8495,1
117,10503,10747,Democrat,Republican,-0.3839,0.5236,0.9075,3
117,10503,10793,Democrat,Republican,-0.3839,0.5449,0.9288,2
117,10503,10825,Democrat,Republican,-0.3839,0.4396,0.8235,6
117,10504,10679,Democrat,Republican,-0.4437,0.4923,0.936,3
117,10504,10753,Democrat,Republican,-0.4437,0.3376,0.7813,1
117,10504,10754,Democrat,Republican,-0.4437,0.4387,0.8824,2
117,10504,10756,Democrat,Republican,-0.4437,0.5397,0.9834,3
117,10504,10797,Democrat,Republican,-0.4437,0.3687,0.8124,2
117,10504,10801,Democrat,Republican,-0.4437,0.4889,0.9326,4
117,10504,10807,Democrat,Republican,-0.4437,0.4882,0.9319,2
117,10504,10817,Democrat,Republican,-0.4437,0.5486,0.9923,2
117,10504,10825,Democrat,Republican,-0.4437,0.4396,0.8833,2
117,10504,10830,Democrat,Republican,-0.4437,0.4864,0.9301,1
117,10504,10857,Democrat,Republican,-0.4437,0.5688,1.0125,1
117,10505,10718,Democrat,Republican,-0.4481,0.6074,1.0555,1
117,10505,10724,Democrat,Republican,-0.4481,0.5464,0.9945,1
117,10505,10732,Democrat,Republican,-0.4481,0.5703,1.0184,4
117,10506,10687,Democrat,Republican,-0.3851,0.3926,0.7777,1
117,10506,10717,Democrat,Republican,-0.3851,0.5442,0.9293,1
117,10506,10726,Democrat,Republican,-0.3851,0.4762,0.8613,1
117,10506,10730,Democrat,Republican,-0.3851,0.4402,0.8253,6
117,10506,10761,Democrat,Republican,-0.3851,0.6241,1.0092,4
117,10506,10780,Democrat,Republican,-0.3851,0.5467,0.9318,4
117,10506,10797,Democrat,Republican,-0.3851,0.3687,0.7538,2
117,10506,10825,Democrat,Republican,-0.3851,0.4396,0.8247,1
117,10506,10830,Democrat,Republican,-0.3851,0.4864,0.8715,3
117,10507,10662,Democrat,Republican,-0.4833,0.5621,1.0454,4
117,10507,10666,Democrat,Republican,-0.4833,0.5393,1.0226,1
117,10507,10672,Democrat,Republican,-0.4833,0.5346,1.0179,1
117,10507,10691,Democrat,Republican,-0.4833,0.494,0.9773,1
117,10507,10703,Democrat,Republican,-0.4833,0.5021,0.9854,1
117,10507,10713,Democrat,Republican,-0.4833,0.4112,0.8945,4
117,10507,10715,Democrat,Republican,-0.4833,0.5179,1.0012,1
117,10507,10746,Democrat,Republican,-0.4833,0.5334,1.0167,2
117,10507,10751,Democrat,Republican,-0.4833,0.5693,1.0526,2
117,10508,10830,Democrat,Republican,-0.61,0.4864,1.0964,4
117,10509,10677,Democrat,Republican,-0.4082,0.6392,1.0474,2
117,10509,10729,Democrat,Republican,-0.4082,0.3338,0.742,3
117,10509,10752,Democrat,Republican,-0.4082,0.639,1.0472,1
117,10509,10799,Democrat,Republican,-0.4082,0.5439,0.9521,2
117,10509,10856,Democrat,Republican,-0.4082,0.4707,0.8789,2
117,10510,10661,Democrat,Republican,-0.5461,0.6664,1.2125,2
117,10510,10670,Democrat,Republican,-0.5461,0.4859,1.032,1
117,10510,10688,Democrat,Republican,-0.5461,0.5166,1.0627,5
117,10510,10728,Democrat,Republican,-0.5461,0.407,0.9531,2
117,10510,10753,Democrat,Republican,-0.5461,0.3376,0.8837,1
117,10510,10800,Democrat,Republican,-0.5461,0.6501,1.1962,7
117,10510,10823,Democrat,Republican,-0.5461,0.3984,0.9445,3
117,10511,10655,Democrat,Republican,-0.5318,0.4634,0.9952,6
117,10511,10658,Democrat,Republican,-0.5318,0.4602,0.992,2
117,10511,10678,Democrat,Republican,-0.5318,0.556,1.0878,1
117,10511,10691,Democrat,Republican,-0.5318,0.494,1.0258,1
117,10511,10795,Democrat,Republican,-0.5318,0.6168,1.1486,6
117,10512,10728,Democrat,Republican,-0.45,0.407,0.857,1
117,10512,10735,Democrat,Republican,-0.45,0.4514,0.9014,2
117,10512,10742,Democrat,Republican,-0.45,0.5529,1.0029,2
117,10512,10820,Democrat,Republican,-0.45,0.6935,1.1435,2
117,10513,10678,Democrat,Republican,-0.4581,0.556,1.0141,7
117,10513,10744,Democrat,Republican,-0.4581,0.5047,0.9628,3
117,10513,10763,Democrat,Republican,-0.4581,0.5112,0.9693,1
117,10513,10821,Democrat,Republican,-0.4581,0.4508,0.9089,2
117,10513,10846,Democrat,Republican,-0.4581,0.5214,0.9795,2
117,10513,10849,Democrat,Republican,-0.4581,0.5146,0.9727,3
117,10514,10672,Democrat,Republican,-0.57,0.5346,1.1046,4
117,10514,10692,Democrat,Republican,-0.57,0.6185,1.1885,2
117,10514,10710,Democrat,Republican,-0.57,0.4901,1.0601,1
117,10514,10817,Democrat,Republican,-0.57,0.5486,1.1186,1
117,10515,10700,Democrat,Republican,-0.4359,0.3524,0.7883,4
117,10515,10710,Democrat,Republican,-0.4359,0.4901,0.926,1
117,10515,10735,Democrat,Republican,-0.4359,0.4514,0.8873,2
117,10515,10755,Democrat,Republican,-0.4359,0.4877,0.9236,14
117,10515,10757,Democrat,Republican,-0.4359,0.5269,0.9628,2
117,10515,10800,Democrat,Republican,-0.4359,0.6501,1.086,1
117,10516,10651,Democrat,Republican,-0.3679,0.5203,0.8882,1
117,10516,10654,Democrat,Republican,-0.3679,0.3901,0.758,6
117,10516,10672,Democrat,Republican,-0.3679,0.5346,0.9025,1
117,10516,10674,Democrat,Republican,-0.3679,0.4572,0.8251,1
117,10516,10728,Democrat,Republican,-0.3679,0.407,0.7749,1
117,10516,10787,Democrat,Republican,-0.3679,0.6352,1.0031,3
117,10516,10815,Democrat,Republican,-0.3679,0.4986,0.8665,1
117,10516,10851,Democrat,Republican,-0.3679,0.4622,0.8301,2
117,10517,10655,Democrat,Republican,-0.5459,0.4634,1.0093,1
117,10517,10719,Democrat,Republican,-0.5459,0.6745,1.2204,3
117,10517,10765,Democrat,Republican,-0.5459,0.6801,1.226,2
117,10517,10788,Democrat,Republican,-0.5459,0.5327,1.0786,2
117,10517,10797,Democrat,Republican,-0.5459,0.3687,0.9146,1
117,10517,10844,Democrat,Republican,-0.5459,0.5932,1.1391,6
117,10518,10656,Democrat,Republican,-0.3418,0.6709,1.0127,4
117,10518,10694,Democrat,Republican,-0.3418,0.532,0.8738,1
117,10518,10706,Democrat,Republican,-0.3418,0.4764,0.8182,11
117,10518,10717,Democrat,Republican,-0.3418,0.5442,0.886,1
117,10518,10726,Democrat,Republican,-0.3418,0.4762,0.818,3
117,10518,10745,Democrat,Republican,-0.3418,0.691,1.0328,2
117,10518,10749,Democrat,Republican,-0.3418,0.3695,0.7113,2
117,10518,10770,Democrat,Republican,-0.3418,0.7206,1.0624,5
117,10518,10780,Democrat,Republican,-0.3418,0.5467,0.8885,1
117,10518,10799,Democrat,Republican,-0.3418,0.5439,0.8857,2
117,10518,10810,Democrat,Republican,-0.3418,0.5857,0.9275,5
117,10518,10819,Democrat,Republican,-0.3418,0.5396,0.8814,2
117,10518,10833,Democrat,Republican,-0.3418,0.4895,0.8313,2
117,10519,10696,Democrat,Republican,-0.5826,0.4431,1.0257,2
117,10519,10715,Democrat,Republican,-0.5826,0.5179,1.1005,2
117,10519,10727,Democrat,Republican,-0.5826,0.5008,1.0834,2
117,10519,10806,Democrat,Republican,-0.5826,0.4805,1.0631,1
117,10519,10825,Democrat,Republican,-0.5826,0.4396,1.0222,1
117,10519,10839,Democrat,Republican,-0.5826,0.4906,1.0732,1
117,10520,10680,Democrat,Republican,-0.27,0.6124,0.8824,5
117,10520,10682,Democrat,Republican,-0.27,0.5486,0.8186,3
117,10520,10728,Democrat,Republican,-0.27,0.407,0.677,5
117,10520,10767,Democrat,Republican,-0.27,0.2683,0.5383,3
117,10520,10831,Democrat,Republican,-0.27,0.6692,0.9392,1
117,10520,10843,Democrat,Republican,-0.27,0.4654,0.7354,3
117,10521,10800,Democrat,Republican,-0.485,0.6501,1.1351,3
117,10521,10821,Democrat,Republican,-0.485,0.4508,0.9358,1
117,10521,10826,Democrat,Republican,-0.485,0.515,1.0,1
117,10521,10861,Democrat,Republican,-0.485,0.5265,1.0115,1
117,10522,10705,Democrat,Republican,-0.4376,0.5929,1.0305,6
117,10522,10838,Democrat,Republican,-0.4376,0.4784,0.916,4
117,10522,10858,Democrat,Republican,-0.4376,0.4216,0.8592,1
117,10523,10804,Democrat,Republican,-0.6108,0.544,1.1548,2
117,10523,10828,Democrat,Republican,-0.6108,0.5653,1.1761,1
117,10523,10838,Democrat,Republican,-0.6108,0.4784,1.0892,2
117,10524,10653,Democrat,Republican,-0.4553,0.5051,0.9604,4
117,10524,10725,Democrat,Republican,-0.4553,0.5975,1.0528,1
117,10524,10761,Democrat,Republican,-0.4553,0.6241,1.0794,2
117,10524,10789,Democrat,Republican,-0.4553,0.3832,0.8385,1
117,10524,10802,Democrat,Republican,-0.4553,0.5861,1.0414,4
117,10524,10805,Democrat,Republican,-0.4553,0.6237,1.079,6
117,10524,10810,Democrat,Republican,-0.4553,0.5857,1.041,4
117,10524,10841,Democrat,Republican,-0.4553,0.4248,0.8801,3
117,10524,10844,Democrat,Republican,-0.4553,0.5932,1.0485,1
117,10525,10652,Democrat,Republican,-0.4306,0.5611,0.9917,3
117,10525,10673,Democrat,Republican,-0.4306,0.4614,0.892,3
117,10525,10734,Democrat,Republican,-0.4306,0.4916,0.9222,1
117,10525,10760,Democrat,Republican,-0.4306,0.4587,0.8893,1
117,10525,10767,Democrat,Republican,-0.4306,0.2683,0.6989,3
117,10525,10796,Democrat,Republican,-0.4306,0.515,0.9456,1
117,10525,10819,Democrat,Republican,-0.4306,0.5396,0.9702,1
117,10525,10821,Democrat,Republican,-0.4306,0.4508,0.8814,1
117,10525,10827,Democrat,Republican,-0.4306,0.5065,0.9371,2
117,10525,10850,Democrat,Republican,-0.4306,0.4832,0.9138,2
117,10526,10681,Democrat,Republican,-0.4573,0.4651,0.9224,2
117,10526,10722,Democrat,Republican,-0.4573,0.3619,0.8192,1
117,10526,10761,Democrat,Republican,-0.4573,0.6241,1.0814,1
117,10526,10776,Democrat,Republican,-0.4573,0.5595,1.0168,2
117,10526,10777,Democrat,Republican,-0.4573,0.3985,0.8558,1
117,10526,10804,Democrat,Republican,-0.4573,0.544,1.0013,4
117,10527,10674,Democrat,Republican,-0.4979,0.4572,0.9551,1
117,10527,10697,Democrat,Republican,-0.4979,0.664,1.1619,1
117,10527,10792,Democrat,Republican,-0.4979,0.4953,0.9932,1
117,10527,10846,Democrat,Republican,-0.4979,0.5214,1.0193,1
117,10528,10708,Democrat,Republican,-0.5305,0.4596,0.9901,2
117,10528,10731,Democrat,Republican,-0.5305,0.3987,0.9292,3
117,10528,10736,Democrat,Republican,-0.5305,0.2491,0.7796,1
117,10528,10753,Democrat,Republican,-0.5305,0.3376,0.8681,1
117,10528,10780,Democrat,Republican,-0.5305,0.5467,1.0772,2
117,10529,10705,Democrat,Republican,-0.3539,0.5929,0.9468,1
117,10529,10726,Democrat,Republican,-0.3539,0.4762,0.8301,1
117,10529,10731,Democrat,Republican,-0.3539,0.3987,0.7526,1
117,10529,10748,Democrat,Republican,-0.3539,0.4553,0.8092,2
117,10529,10750,Democrat,Republican,-0.3539,0.5256,0.8795,1
117,10529,10774,Democrat,Republican,-0.3539,0.6614,1.0153,1
117,10529,10777,Democrat,Republican,-0.3539,0.3985,0.7524,1
117,10529,10807,Democrat,Republican,-0.3539,0.4882,0.8421,1
117,10529,10808,Democrat,Republican,-0.3539,0.5389,0.8928,2
117,10529,10829,Democrat,Republican,-0.3539,0.4902,0.8441,1
117,10529,10835,Democrat,Republican,-0.3539,0.6881,1.042,5
117,10529,10853,Democrat,Republican,-0.3539,0.5216,0.8755,3
117,10530,10672,Democrat,Republican,-0.4474,0.5346,0.982,1
117,10530,10686,Democrat,Republican,-0.4474,0.4635,0.9109,1
117,10530,10706,Democrat,Republican,-0.4474,0.4764,0.9238,3
117,10530,10727,Democrat,Republican,-0.4474,0.5008,0.9482,2
117,10530,10739,Democrat,Republican,-0.4474,0.5029,0.9503,4
117,10530,10755,Democrat,Republican,-0.4474,0.4877,0.9351,2
117,10530,10771,Democrat,Republican,-0.4474,0.6514,1.0988,1
117,10530,10803,Democrat,Republican,-0.4474,0.5661,1.0135,1
117,10531,10658,Democrat,Republican,-0.319,0.4602,0.7792,3
117,10531,10671,Democrat,Republican,-0.319,0.6102,0.9292,2
117,10531,10709,Democrat,Republican,-0.319,0.5236,0.8426,1
117,10531,10777,Democrat,Republican,-0.319,0.3985,0.7175,2
117,10531,10809,Democrat,Republican,-0.319,0.4824,0.8014,5
117,10531,10829,Democrat,Republican,-0.319,0.4902,0.8092,4
117,10531,10834,Democrat,Republican,-0.319,0.5174,0.8364,2
117,10531,10851,Democrat,Republican,-0.319,0.4622,0.7812,2
117,10532,10672,Democrat,Republican,-0.4948,0.5346,1.0294,2
117,10532,10696,Democrat,Republican,-0.4948,0.4431,0.9379,1
117,10532,10717,Democrat,Republican,-0.4948,0.5442,1.039,2
117,10532,10799,Democrat,Republican,-0.4948,0.5439,1.0387,3
117,10532,10854,Democrat,Republican,-0.4948,0.5052,1.0,1
117,10533,10660,Democrat,Republican,-0.487,0.4339,0.9209,2
117,10533,10681,Democrat,Republican,-0.487,0.4651,0.9521,2
117,10533,10725,Democrat,Republican,-0.487,0.5975,1.0845,1
117,10533,10761,Democrat,Republican,-0.487,0.6241,1.1111,1
117,10533,10849,Democrat,Republican,-0.487,0.5146,1.0016,1
117,10534,10653,Democrat,Republican,-0.3807,0.5051,0.8858,1
117,10534,10663,Democrat,Republican,-0.3807,0.6255,1.0062,1
117,10534,10666,Democrat,Republican,-0.3807,0.5393,0.92,1
117,10534,10713,Democrat,Republican,-0.3807,0.4112,0.7919,4
117,10534,10767,Democrat,Republican,-0.3807,0.2683,0.649,1
117,10534,10787,Democrat,Republican,-0.3807,0.6352,1.0159,2
117,10534,10797,Democrat,Republican,-0.3807,0.3687,0.7494,1
117,10534,10802,Democrat,Republican,-0.3807,0.5861,0.9668,2
117,10534,10812,Democrat,Republican,-0.3807,0.5604,0.9411,7
117,10534,10821,Democrat,Republican,-0.3807,0.4508,0.8315,7
117,10534,10837,Democrat,Republican,-0.3807,0.478,0.8587,4
117,10535,10705,Democrat,Republican,-0.588,0.5929,1.1809,3
117,10535,10707,Democrat,Republican,-0.588,0.5429,1.1309,2
117,10535,10763,Democrat,Republican,-0.588,0.5112,1.0992,1
117,10535,10786,Democrat,Republican,-0.588,0.6225,1.2105,2
117,10536,10681,Democrat,Republican,-0.5531,0.4651,1.0182,2
117,10536,10734,Democrat,Republican,-0.5531,0.4916,1.0447,1
117,10536,10738,Democrat,Republican,-0.5531,0.45,1.0031,3
117,10536,10807,Democrat,Republican,-0.5531,0.4882,1.0413,9
117,10536,10842,Democrat,Republican,-0.5531,0.4388,0.9919,1
117,10537,10670,Democrat,Republican,-0.3567,0.4859,0.8426,1
117,10537,10672,Democrat,Republican,-0.3567,0.5346,0.8913,2
117,10537,10685,Democrat,Republican,-0.3567,0.398,0.7547,1
117,10537,10777,Democrat,Republican,-0.3567,0.3985,0.7552,4
117,10537,10779,Democrat,Republican,-0.3567,0.5751,0.9318,4
117,10537,10832,Democrat,Republican,-0.3567,0.5656,0.9223,1
117,10538,10673,Democrat,Republican,-0.5496,0.4614,1.011,1
117,10538,10737,Democrat,Republican,-0.5496,0.6757,1.2253,6
117,10538,10818,Democrat,Republican,-0.5496,0.5582,1.1078,1
117,10538,10852,Democrat,Republican,-0.5496,0.6023,1.1519,3
117,10539,10653,Democrat,Republican,-0.6046,0.5051,1.1097,7
117,10539,10755,Democrat,Republican,-0.6046,0.4877,1.0923,4
117,10539,10822,Democrat,Republican,-0.6046,0.5342,1.1388,1
117,10539,10833,Democrat,Republican,-0.6046,0.4895,1.0941,5
117,10539,10862,Democrat,Republican,-0.6046,0.4197,1.0243,3
117,10540,10687,Democrat,Republican,-0.2912,0.3926,0.6838,1
117,10540,10695,Democrat,Republican,-0.2912,0.6016,0.8928,1
117,10540,10708,Democrat,Republican,-0.2912,0.4596,0.7508,2
117,10540,10735,Democrat,Republican,-0.2912,0.4514,0.7426,1
117,10540,10782,Democrat,Republican,-0.2912,0.3932,0.6844,5
117,10540,10787,Democrat,Republican,-0.2912,0.6352,0.9264,1
117,10540,10814,Democrat,Republican,-0.2912,0.5593,0.8505,2
117,10540,10847,Democrat,Republican,-0.2912,0.6543,0.9455,1
117,10540,10849,Democrat,Republican,-0.2912,0.5146,0.8058,4
117,10540,10851,Democrat,Republican,-0.2912,0.4622,0.7534,4
117,10541,10719,Democrat,Republican,-0.5685,0.6745,1.243,2
117,10541,10735,Democrat,Republican,-0.5685,0.4514,1.0199,1
117,10541,10736,Democrat,Republican,-0.5685,0.2491,0.8176,2
117,10541,10741,Democrat,Republican,-0.5685,0.6275,1.196,1
117,10541,10764,Democrat,Republican,-0.5685,0.6841,1.2526,1
117,10541,10774,Democrat,Republican,-0.5685,0.6614,1.2299,2
117,10541,10783,Democrat,Republican,-0.5685,0.4733,1.0418,2
117,10541,10804,Democrat,Republican,-0.5685,0.544,1.1125,3
117,10541,10807,Democrat,Republican,-0.5685,0.4882,1.0567,2
117,10542,10657,Democrat,Republican,-0.4343,0.6691,1.1034,10
117,10542,10674,Democrat,Republican,-0.4343,0.4572,0.8915,1
117,10542,10682,Democrat,Republican,-0.4343,0.5486,0.9829,2
117,10542,10738,Democrat,Republican,-0.4343,0.45,0.8843,2
117,10542,10760,Democrat,Republican,-0.4343,0.4587,0.893,1
117,10542,10762,Democrat,Republican,-0.4343,0.579,1.0133,5
117,10542,10782,Democrat,Republican,-0.4343,0.3932,0.8275,3
117,10542,10829,Democrat,Republican,-0.4343,0.4902,0.9245,1
117,10542,10840,Democrat,Republican,-0.4343,0.4865,0.9208,1
117,10543,10668,Democrat,Republican,-0.4441,0.6223,1.0664,1
117,10543,10676,Democrat,Republican,-0.4441,0.4941,0.9382,3
117,10543,10734,Democrat,Republican,-0.4441,0.4916,0.9357,2
117,10543,10764,Democrat,Republican,-0.4441,0.6841,1.1282,1
117,10543,10768,Democrat,Republican,-0.4441,0.6821,1.1262,2
117,10544,10709,Democrat,Republican,-0.6889,0.5236,1.2125,2
117,10544,10736,Democrat,Republican,-0.6889,0.2491,0.938,2
117,10544,10744,Democrat,Republican,-0.6889,0.5047,1.1936,1
117,10544,10842,Democrat,Republican,-0.6889,0.4388,1.1277,1
117,10544,10844,Democrat,Republican,-0.6889,0.5932,1.2821,1
117,10545,10686,Democrat,Republican,-0.4727,0.4635,0.9362,2
117,10545,10730,Democrat,Republican,-0.4727,0.4402,0.9129,4
117,10545,10773,Democrat,Republican,-0.4727,0.6191,1.0918,4
117,10545,10778,Democrat,Republican,-0.4727,0.5123,0.985,4
117,10546,10675,Democrat,Republican,-0.4119,0.4071,0.819,1
117,10546,10728,Democrat,Republican,-0.4119,0.407,0.8189,4
117,10546,10773,Democrat,Republican,-0.4119,0.6191,1.031,1
117,10546,10828,Democrat,Republican,-0.4119,0.5653,0.9772,1
117,10547,10655,Democrat,Republican,-0.4199,0.4634,0.8833,1
117,10547,10663,Democrat,Republican,-0.4199,0.6255,1.0454,6
117,10547,10717,Democrat,Republican,-0.4199,0.5442,0.9641,2
117,10547,10727,Democrat,Republican,-0.4199,0.5008,0.9207,1
117,10547,10738,Democrat,Republican,-0.4199,0.45,0.8699,3
117,10547,10758,Democrat,Republican,-0.4199,0.529,0.9489,5
117,10547,10762,Democrat,Republican,-0.4199,0.579,0.9989,2
117,10547,10810,Democrat,Republican,-0.4199,0.5857,1.0056,1
117,10547,10822,Democrat,Republican,-0.4199,0.5342,0.9541,2
117,10547,10851,Democrat,Republican,-0.4199,0.4622,0.8821,1
117,10548,10672,Democrat,Republican,-0.3732,0.5346,0.9078,7
117,10548,10715,Democrat,Republican,-0.3732,0.5179,0.8911,1
117,10548,10717,Democrat,Republican,-0.3732,0.5442,0.9174,1
117,10548,10720,Democrat,Republican,-0.3732,0.5581,0.9313,1
117,10548,10723,Democrat,Republican,-0.3732,0.5424,0.9156,1
117,10548,10769,Democrat,Republican,-0.3732,0.6115,0.9847,2
117,10548,10807,Democrat,Republican,-0.3732,0.4882,0.8614,1
117,10548,10816,Democrat,Republican,-0.3732,0.5095,0.8827,1
117,10548,10859,Democrat,Republican,-0.3732,0.6295,1.0027,2
117,10549,10805,Democrat,Republican,-0.4829,0.6237,1.1066,2
117,10550,10656,Democrat,Republican,-0.3894,0.6709,1.0603,1
117,10550,10700,Democrat,Republican,-0.3894,0.3524,0.7418,1
117,10550,10702,Democrat,Republican,-0.3894,0.5952,0.9846,2
117,10550,10712,Democrat,Republican,-0.3894,0.7304,1.1198,2
117,10550,10732,Democrat,Republican,-0.3894,0.5703,0.9597,3
117,10550,10739,Democrat,Republican,-0.3894,0.5029,0.8923,2
117,10550,10752,Democrat,Republican,-0.3894,0.639,1.0284,5
117,10550,10760,Democrat,Republican,-0.3894,0.4587,0.8481,1
117,10551,10652,Democrat,Republican,-0.5086,0.5611,1.0697,1
117,10551,10675,Democrat,Republican,-0.5086,0.4071,0.9157,3
117,10551,10722,Democrat,Republican,-0.5086,0.3619,0.8705,3
117,10552,10666,Democrat,Republican,-0.5699,0.5393,1.1092,4
117,10552,10711,Democrat,Republican,-0.5699,0.6457,1.2156,1
117,10552,10745,Democrat,Republican,-0.5699,0.691,1.2609,4
117,10552,10777,Democrat,Republican,-0.5699,0.3985,0.9684,1
117,10552,10798,Democrat,Republican,-0.5699,0.4965,1.0664,2
117,10552,10801,Democrat,Republican,-0.5699,0.4889,1.0588,1
117,10552,10810,Democrat,Republican,-0.5699,0.5857,1.1556,4
117,10552,10847,Democrat,Republican,-0.5699,0.6543,1.2242,1
117,10553,10672,Democrat,Republican,-0.5603,0.5346,1.0949,1
117,10553,10755,Democrat,Republican,-0.5603,0.4877,1.048,1
117,10553,10756,Democrat,Republican,-0.5603,0.5397,1.1,3
117,10553,10798,Democrat,Republican,-0.5603,0.4965,1.0568,1
117,10553,10801,Democrat,Republican,-0.5603,0.4889,1.0492,2
117,10553,10805,Democrat,Republican,-0.5603,0.6237,1.184,3
117,10553,10811,Democrat,Republican,-0.5603,0.4758,1.0361,1
117,10553,10813,Democrat,Republican,-0.5603,0.531,1.0913,1
117,10553,10816,Democrat,Republican,-0.5603,0.5095,1.0698,6
117,10553,10840,Democrat,Republican,-0.5603,0.4865,1.0468,1
117,10554,10658,Democrat,Republican,-0.5743,0.4602,1.0345,2
117,10554,10666,Democrat,Republican,-0.5743,0.5393,1.1136,6
117,10554,10679,Democrat,Republican,-0.5743,0.4923,1.0666,2
117,10554,10681,Democrat,Republican,-0.5743,0.4651,1.0394,3
117,10554,10742,Democrat,Republican,-0.5743,0.5529,1.1272,3
117,10554,10788,Democrat,Republican,-0.5743,0.5327,1.107,1
117,10554,10815,Democrat,Republican,-0.5743,0.4986,1.0729,1
117,10554,10825,Democrat,Republican,-0.5743,0.4396,1.0139,2
117,10554,10849,Democrat,Republican,-0.5743,0.5146,1.0889,3
117,10554,10852,Democrat,Republican,-0.5743,0.6023,1.1766,3
117,10555,10665,Democrat,Republican,-0.3642,0.601,0.9652,3
117,10555,10685,Democrat,Republican,-0.3642,0.398,0.7622,3
117,10555,10813,Democrat,Republican,-0.3642,0.531,0.8952,2
117,10555,10828,Democrat,Republican,-0.3642,0.5653,0.9295,7
117,10555,10862,Democrat,Republican,-0.3642,0.4197,0.7839,2
117,10556,10714,Democrat,Republican,-0.5787,0.3669,0.9456,3
117,10556,10754,Democrat,Republican,-0.5787,0.4387,1.0174,2
117,10556,10760,Democrat,Republican,-0.5787,0.4587,1.0374,1
117,10556,10783,Democrat,Republican,-0.5787,0.4733,1.052,2
117,10556,10858,Democrat,Republican,-0.5787,0.4216,1.0003,1
117,10557,10669,Democrat,Republican,-0.4267,0.5459,0.9726,13
117,10557,10707,Democrat,Republican,-0.4267,0.5429,0.9696,2
117,10557,10714,Democrat,Republican,-0.4267,0.3669,0.7936,1
117,10557,10715,Democrat,Republican,-0.4267,0.5179,0.9446,1
117,10557,10771,Democrat,Republican,-0.4267,0.6514,1.0781,1
117,10557,10781,Democrat,Republican,-0.4267,0.4278,0.8545,2
117,10557,10828,Democrat,Republican,-0.4267,0.5653,0.992,1
117,10557,10838,Democrat,Republican,-0.4267,0.4784,0.9051,3
117,10558,10831,Democrat,Republican,-0.4726,0.6692,1.1418,1
117,10559,10682,Democrat,Republican,-0.4587,0.5486,1.0073,3
117,10559,10690,Democrat,Republican,-0.4587,0.4945,0.9532,2
117,10559,10692,Democrat,Republican,-0.4587,0.6185,1.0772,1
117,10559,10700,Democrat,Republican,-0.4587,0.3524,0.8111,3
117,10559,10715,Democrat,Republican,-0.4587,0.5179,0.9766,5
117,10559,10736,Democrat,Republican,-0.4587,0.2491,0.7078,2
117,10559,10781,Democrat,Republican,-0.4587,0.4278,0.8865,2
117,10559,10797,Democrat,Republican,-0.4587,0.3687,0.8274,1
117,10559,10838,Democrat,Republican,-0.4587,0.4784,0.9371,2
117,10559,10848,Democrat,Republican,-0.4587,0.6566,1.1153,3
117,10560,10700,Democrat,Republican,-0.3341,0.3524,0.6865,4
117,10560,10712,Democrat,Republican,-0.3341,0.7304,1.0645,5
117,10560,10770,Democrat,Republican,-0.3341,0.7206,1.0547,1
117,10560,10816,Democrat,Republican,-0.3341,0.5095,0.8436,4
117,10560,10826,Democrat,Republican,-0.3341,0.515,0.8491,1
117,10560,10849,Democrat,Republican,-0.3341,0.5146,0.8487,3
117,10560,10852,Democrat,Republican,-0.3341,0.6023,0.9364,2
117,10560,10862,Democrat,Republican,-0.3341,0.4197,0.7538,1
117,10561,10690,Democrat,Republican,-0.4873,0.4945,0.9818,2
117,10561,10700,Democrat,Republican,-0.4873,0.3524,0.8397,2
117,10561,10715,Democrat,Republican,-0.4873,0.5179,1.0052,7
117,10561,10730,Democrat,Republican,-0.4873,0.4402,0.9275,2
117,10561,10752,Democrat,Republican,-0.4873,0.639,1.1263,10
117,10561,10806,Democrat,Republican,-0.4873,0.4805,0.9678,2
117,10561,10851,Democrat,Republican,-0.4873,0.4622,0.9495,1
117,10562,10656,Democrat,Republican,-0.398,0.6709,1.0689,1
117,10562,10775,Democrat,Republican,-0.398,0.7195,1.1175,3
117,10562,10824,Democrat,Republican,-0.398,0.5735,0.9715,1
117,10562,10848,Democrat,Republican,-0.398,0.6566,1.0546,1
117,10562,10856,Democrat,Republican,-0.398,0.4707,0.8687,4
117,10562,10859,Democrat,Republican,-0.398,0.6295,1.0275,3
117,10563,10651,Democrat,Republican,-0.4468,0.5203,0.9671,2
117,10563,10666,Democrat,Republican,-0.4468,0.5393,0.9861,1
117,10563,10729,Democrat,Republican,-0.4468,0.3338,0.7806,1
117,10563,10787,Democrat,Republican,-0.4468,0.6352,1.082,2
117,10563,10845,Democrat,Republican,-0.4468,0.5057,0.9525,1
117,10564,10667,Democrat,Republican,-0.4629,0.6167,1.0796,1
117,10564,10682,Democrat,Republican,-0.4629,0.5486,1.0115,1
117,10564,10726,Democrat,Republican,-0.4629,0.4762,0.9391,3
117,10564,10789,Democrat,Republican,-0.4629,0.3832,0.8461,1
117,10564,10791,Democrat,Republican,-0.4629,0.5167,0.9796,2
117,10564,10792,Democrat,Republican,-0.4629,0.4953,0.9582,1
117,10564,10856,Democrat,Republican,-0.4629,0.4707,0.9336,2
117,10564,10858,Democrat,Republican,-0.4629,0.4216,0.8845,1
117,10565,10654,Democrat,Republican,-0.2545,0.3901,0.6446,1
117,10565,10672,Democrat,Republican,-0.2545,0.5346,0.7891,2
117,10565,10677,Democrat,Republican,-0.2545,0.6392,0.8937,4
117,10565,10713,Democrat,Republican,-0.2545,0.4112,0.6657,2
117,10565,10733,Democrat,Republican,-0.2545,0.4934,0.7479,2
117,10565,10740,Democrat,Republican,-0.2545,0.4091,0.6636,2
117,10565,10782,Democrat,Republican,-0.2545,0.3932,0.6477,4
117,10565,10823,Democrat,Republican,-0.2545,0.3984,0.6529,1
117,10565,10827,Democrat,Republican,-0.2545,0.5065,0.761,2
117,10565,10857,Democrat,Republican,-0.2545,0.5688,0.8233,1
117,10566,10736,Democrat,Republican,-0.5725,0.2491,0.8216,3
117,10566,10819,Democrat,Republican,-0.5725,0.5396,1.1121,4
117,10566,10825,Democrat,Republican,-0.5725,0.4396,1.0121,5
117,10566,10844,Democrat,Republican,-0.5725,0.5932,1.1657,1
117,10567,10650,Democrat,Republican,-0.3404,0.4025,0.7429,2
117,10567,10662,Democrat,Republican,-0.3404,0.5621,0.9025,3
117,10567,10669,Democrat,Republican,-0.3404,0.5459,0.8863,2
117,10567,10680,Democrat,Republican,-0.3404,0.6124,0.9528,3
117,10567,10693,Democrat,Republican,-0.3404,0.6362,0.9766,4
117,10567,10700,Democrat,Republican,-0.3404,0.3524,0.6928,3
117,10567,10707,Democrat,Republican,-0.3404,0.5429,0.8833,4
117,10567,10716,Democrat,Republican,-0.3404,0.4033,0.7437,1
117,10567,10723,Democrat,Republican,-0.3404,0.5424,0.8828,4
117,10567,10798,Democrat,Republican,-0.3404,0.4965,0.8369,3
117,10567,10802,Democrat,Republican,-0.3404,0.5861,0.9265,4
117,10567,10824,Democrat,Republican,-0.3404,0.5735,0.9139,1
117,10568,10653,Democrat,Republican,-0.3942,0.5051,0.8993,3
117,10568,10753,Democrat,Republican,-0.3942,0.3376,0.7318,10
117,10568,10787,Democrat,Republican,-0.3942,0.6352,1.0294,1
117,10568,10841,Democrat,Republican,-0.3942,0.4248,0.819,4
117,10569,10786,Democrat,Republican,-0.4908,0.6225,1.1133,2
117,10569,10799,Democrat,Republican,-0.4908,0.5439,1.0347,1
117,10570,10678,Democrat,Republican,-0.3115,0.556,0.8675,3
117,10570,10704,Democrat,Republican,-0.3115,0.6545,0.966,4
117,10570,10739,Democrat,Republican,-0.3115,0.5029,0.8144,3
117,10570,10771,Democrat,Republican,-0.3115,0.6514,0.9629,3
117,10570,10841,Democrat,Republican,-0.3115,0.4248,0.7363,4
117,10571,10670,Democrat,Republican,-0.6071,0.4859,1.093,2
117,10571,10751,Democrat,Republican,-0.6071,0.5693,1.1764,2
117,10571,10773,Democrat,Republican,-0.6071,0.6191,1.2262,1
117,10571,10783,Democrat,Republican,-0.6071,0.4733,1.0804,3
117,10571,10847,Democrat,Republican,-0.6071,0.6543,1.2614,4
117,10572,10708,Democrat,Republican,-0.4944,0.4596,0.954,2
117,10572,10710,Democrat,Republican,-0.4944,0.4901,0.9845,1
117,10572,10757,Democrat,Republican,-0.4944,0.5269,1.0213,3
117,10572,10793,Democrat,Republican,-0.4944,0.5449,1.0393,4
117,10573,10691,Democrat,Republican,-0.5527,0.494,1.0467,4
117,10573,10723,Democrat,Republican,-0.5527,0.5424,1.0951,3
117,10573,10854,Democrat,Republican,-0.5527,0.5052,1.0579,2
117,10574,10650,Democrat,Republican,-0.415,0.4025,0.8175,2
117,10574,10654,Democrat,Republican,-0.415,0.3901,0.8051,3
117,10574,10702,Democrat,Republican,-0.415,0.5952,1.0102,1
117,10574,10732,Democrat,Republican,-0.415,0.5703,0.9853,1
117,10574,10758,Democrat,Republican,-0.415,0.529,0.944,1
117,10574,10782,Democrat,Republican,-0.415,0.3932,0.8082,3
117,10574,10798,Democrat,Republican,-0.415,0.4965,0.9115,4
117,10574,10812,Democrat,Republican,-0.415,0.5604,0.9754,2
117,10574,10819,Democrat,Republican,-0.415,0.5396,0.9546,1
117,10574,10821,Democrat,Republican,-0.415,0.4508,0.8658,1
117,10574,10830,Democrat,Republican,-0.415,0.4864,0.9014,2
117,10574,10840,Democrat,Republican,-0.415,0.4865,0.9015,1
117,10575,10704,Democrat,Republican,-0.5446,0.6545,1.1991,4
117,10575,10736,Democrat,Republican,-0.5446,0.2491,0.7937,3
117,10575,10743,Democrat,Republican,-0.5446,0.4656,1.0102,3
117,10575,10776,Democrat,Republican,-0.5446,0.5595,1.1041,1
117,10575,10804,Democrat,Republican,-0.5446,0.544,1.0886,4
117,10575,10830,Democrat,Republican,-0.5446,0.4864,1.031,1
117,10577,10687,Democrat,Republican,-0.4658,0.3926,0.8584,5
117,10577,10699,Democrat,Republican,-0.4658,0.5869,1.0527,3
117,10577,10704,Democrat,Republican,-0.4658,0.6545,1.1203,2
117,10577,10732,Democrat,Republican,-0.4658,0.5703,1.0361,3
117,10577,10758,Democrat,Republican,-0.4658,0.529,0.9948,1
117,10577,10762,Democrat,Republican,-0.4658,0.579,1.0448,3
117,10577,10775,Democrat,Republican,-0.4658,0.7195,1.1853,1
117,10577,10828,Democrat,Republican,-0.4658,0.5653,1.0311,1
117,10577,10856,Democrat,Republican,-0.4658,0.4707,0.9365,2
117,10578,10696,Democrat,Republican,-0.4907,0.4431,0.9338,2
117,10578,10714,Democrat,Republican,-0.4907,0.3669,0.8576,3
117,10578,10716,Democrat,Republican,-0.4907,0.4033,0.894,3
117,10578,10767,Democrat,Republican,-0.4907,0.2683,0.759,3
117,10578,10816,Democrat,Republican,-0.4907,0.5095,1.0002,2
117,10578,10860,Democrat,Republican,-0.4907,0.492,0.9827,3
117,10579,10655,Democrat,Republican,-0.417,0.4634,0.8804,2
117,10579,10668,Democrat,Republican,-0.417,0.6223,1.0393,1
117,10579,10776,Democrat,Republican,-0.417,0.5595,0.9765,3
117,10579,10801,Democrat,Republican,-0.417,0.4889,0.9059,1
117,10579,10813,Democrat,Republican,-0.417,0.531,0.948,1
117,10579,10830,Democrat,Republican,-0.417,0.4864,0.9034,1
117,10579,10832,Democrat,Republican,-0.417,0.5656,0.9826,2
117,10579,10856,Democrat,Republican,-0.417,0.4707,0.8877,3
117,10580,10654,Democrat,Republican,-0.4728,0.3901,0.8629,1
117,10580,10670,Democrat,Republican,-0.4728,0.4859,0.9587,11
117,10580,10686,Democrat,Republican,-0.4728,0.4635,0.9363,1
117,10580,10740,Democrat,Republican,-0.4728,0.4091,0.8819,2
117,10580,10778,Democrat,Republican,-0.4728,0.5123,0.9851,2
117,10580,10780,Democrat,Republican,-0.4728,0.5467,1.0195,1
117,10580,10813,Democrat,Republican,-0.4728,0.531,1.0038,3
117,10580,10843,Democrat,Republican,-0.4728,0.4654,0.9382,2
117,10580,10856,Democrat,Republican,-0.4728,0.4707,0.9435,4
117,10580,10862,Democrat,Republican,-0.4728,0.4197,0.8925,1
117,10581,10682,Democrat,Republican,-0.5425,0.5486,1.0911,1
117,10581,10683,Democrat,Republican,-0.5425,0.5238,1.0663,3
117,10581,10746,Democrat,Republican,-0.5425,0.5334,1.0759,1
117,10581,10777,Democrat,Republican,-0.5425,0.3985,0.941,3
117,10581,10828,Democrat,Republican,-0.5425,0.5653,1.1078,6
117,10581,10839,Democrat,Republican,-0.5425,0.4906,1.0331,1
117,10582,10656,Democrat,Republican,-0.2119,0.6709,0.8828,1
117,10582,10675,Democrat,Republican,-0.2119,0.4071,0.619,1
117,10582,10691,Democrat,Republican,-0.2119,0.494,0.7059,4
117,10582,10698,Democrat,Republican,-0.2119,0.7334,0.9453,4
117,10582,10716,Democrat,Republican,-0.2119,0.4033,0.6152,2
117,10582,10720,Democrat,Republican,-0.2119,0.5581,0.77,2
117,10582,10729,Democrat,Republican,-0.2119,0.3338,0.5457,2
117,10582,10732,Democrat,Republican,-0.2119,0.5703,0.7822,4
117,10582,10741,Democrat,Republican,-0.2119,0.6275,0.8394,3
117,10582,10791,Democrat,Republican,-0.2119,0.5167,0.7286,1
117,10582,10814,Democrat,Republican,-0.2119,0.5593,0.7712,3
117,10582,10837,Democrat,Republican,-0.2119,0.478,0.6899,1
117,10582,10840,Democrat,Republican,-0.2119,0.4865,0.6984,3
117,10582,10841,Democrat,Republican,-0.2119,0.4248,0.6367,6
117,10582,10842,Democrat,Republican,-0.2119,0.4388,0.6507,7
117,10582,10854,Democrat,Republican,-0.2119,0.5052,0.7171,1
117,10583,10652,Democrat,Republican,-0.4914,0.5611,1.0525,5
117,10583,10673,Democrat,Republican,-0.4914,0.4614,0.9528,8
117,10583,10696,Democrat,Republican,-0.4914,0.4431,0.9345,1
117,10583,10790,Democrat,Republican,-0.4914,0.499,0.9904,1
117,10583,10806,Democrat,Republican,-0.4914,0.4805,0.9719,3
117,10583,10811,Democrat,Republican,-0.4914,0.4758,0.9672,2
117,10583,10830,Democrat,Republican,-0.4914,0.4864,0.9778,4
117,10583,10855,Democrat,Republican,-0.4914,0.4668,0.9582,4
117,10584,10701,Democrat,Republican,-0.6385,0.4898,1.1283,5
117,10584,10736,Democrat,Republican,-0.6385,0.2491,0.8876,2
117,10584,10739,Democrat,Republican,-0.6385,0.5029,1.1414,4
117,10584,10763,Democrat,Republican,-0.6385,0.5112,1.1497,5
117,10584,10815,Democrat,Republican,-0.6385,0.4986,1.1371,2
117,10585,10710,Democrat,Republican,-0.5216,0.4901,1.0117,2
117,10585,10713,Democrat,Republican,-0.5216,0.4112,0.9328,2
117,10585,10765,Democrat,Republican,-0.5216,0.6801,1.2017,1
117,10585,10767,Democrat,Republican,-0.5216,0.2683,0.7899,4
117,10585,10809,Democrat,Republican,-0.5216,0.4824,1.004,9
117,10585,10845,Democrat,Republican,-0.5216,0.5057,1.0273,3
117,10586,10657,Democrat,Republican,-0.5577,0.6691,1.2268,1
117,10586,10671,Democrat,Republican,-0.5577,0.6102,1.1679,1
117,10586,10731,Democrat,Republican,-0.5577,0.3987,0.9564,2
117,10586,10749,Democrat,Republican,-0.5577,0.3695,0.9272,2
117,10586,10755,Democrat,Republican,-0.5577,0.4877,1.0454,1
117,10586,10775,Democrat,Republican,-0.5577,0.7195,1.2772,5
117,10586,10794,Democrat,Republican,-0.5577,0.5797,1.1374,1
117,10586,10809,Democrat,Republican,-0.5577,0.4824,1.0401,2
117,10586,10817,Democrat,Republican,-0.5577,0.5486,1.1063,1
117,10586,10822,Democrat,Republican,-0.5577,0.5342,1.0919,2
117,10586,10849,Democrat,Republican,-0.5577,0.5146,1.0723,1
117,10587,10685,Democrat,Republican,-0.3798,0.398,0.7778,8
117,10587,10711,Democrat,Republican,-0.3798,0.6457,1.0255,2
117,10587,10744,Democrat,Republican,-0.3798,0.5047,0.8845,1
117,10587,10756,Democrat,Republican,-0.3798,0.5397,0.9195,5
117,10587,10778,Democrat,Republican,-0.3798,0.5123,0.8921,1
117,10587,10814,Democrat,Republican,-0.3798,0.5593,0.9391,4
117,10587,10843,Democrat,Republican,-0.3798,0.4654,0.8452,2
117,10587,10855,Democrat,Republican,-0.3798,0.4668,0.8466,1
117,10588,10664,Democrat,Republican,-0.4227,0.3856,0.8083,4
117,10588,10733,Democrat,Republican,-0.4227,0.4934,0.9161,1
117,10588,10740,Democrat,Republican,-0.4227,0.4091,0.8318,4
117,10588,10798,Democrat,Republican,-0.4227,0.4965,0.9192,2
117,10588,10833,Democrat,Republican,-0.4227,0.4895,0.9122,1
117,10589,10689,Democrat,Republican,-0.4161,0.649,1.0651,1
117,10589,10714,Democrat,Republican,-0.4161,0.3669,0.783,9
117,10589,10736,Democrat,Republican,-0.4161,0.2491,0.6652,1
117,10589,10762,Democrat,Republican,-0.4161,0.579,0.9951,5
117,10589,10766,Democrat,Republican,-0.4161,0.624,1.0401,5
117,10589,10782,Democrat,Republican,-0.4161,0.3932,0.8093,1
117,10589,10847,Democrat,Republican,-0.4161,0.6543,1.0704,1
117,10589,10852,Democrat,Republican,-0.4161,0.6023,1.0184,2
117,10590,10664,Democrat,Republican,-0.4815,0.3856,0.8671,11
117,10590,10672,Democrat,Republican,-0.4815,0.5346,1.0161,2
117,10590,10706,Democrat,Republican,-0.4815,0.4764,0.9579,2
117,10590,10707,Democrat,Republican,-0.4815,0.5429,1.0244,1
117,10590,10748,Democrat,Republican,-0.4815,0.4553,0.9368,2
117,10590,10753,Democrat,Republican,-0.4815,0.3376,0.8191,1
117,10590,10771,Democrat,Republican,-0.4815,0.6514,1.1329,6
117,10591,10652,Democrat,Republican,-0.4737,0.5611,1.0348,1
117,10591,10657,Democrat,Republican,-0.4737,0.6691,1.1428,5
117,10591,10690,Democrat,Republican,-0.4737,0.4945,0.9682,3
117,10591,10705,Democrat,Republican,-0.4737,0.5929,1.0666,1
117,10591,10733,Democrat,Republican,-0.4737,0.4934,0.9671,1
117,10591,10740,Democrat,Republican,-0.4737,0.4091,0.8828,1
117,10591,10760,Democrat,Republican,-0.4737,0.4587,0.9324,2
117,10591,10803,Democrat,Republican,-0.4737,0.5661,1.0398,2
117,10591,10816,Democrat,Republican,-0.4737,0.5095,0.9832,2
117,10592,10701,Democrat,Republican,-0.4815,0.4898,0.9713,5
117,10592,10790,Democrat,Republican,-0.4815,0.499,0.9805,1
117,10592,10834,Democrat,Republican,-0.4815,0.5174,0.9989,5
117,10593,10679,Democrat,Republican,-0.4569,0.4923,0.9492,3
117,10593,10730,Democrat,Republican,-0.4569,0.4402,0.8971,1
117,10593,10747,Democrat,Republican,-0.4569,0.5236,0.9805,1
117,10593,10812,Democrat,Republican,-0.4569,0.5604,1.0173,4
117,10593,10818,Democrat,Republican,-0.4569,0.5582,1.0151,1
117,10593,10825,Democrat,Republican,-0.4569,0.4396,0.8965,3
117,10593,10828,Democrat,Republican,-0.4569,0.5653,1.0222,3
117,10594,10650,Democrat,Republican,-0.379,0.4025,0.7815,1
117,10594,10676,Democrat,Republican,-0.379,0.4941,0.8731,1
117,10594,10690,Democrat,Republican,-0.379,0.4945,0.8735,1
117,10594,10735,Democrat,Republican,-0.379,0.4514,0.8304,1
117,10594,10783,Democrat,Republican,-0.379,0.4733,0.8523,4
117,10594,10807,Democrat,Republican,-0.379,0.4882,0.8672,4
117,10594,10824,Democrat,Republican,-0.379,0.5735,0.9525,2
117,10594,10836,Democrat,Republican,-0.379,0.5188,0.8978,1
117,10595,10662,Democrat,Republican,-0.4214,0.5621,0.9835,3
117,10595,10671,Democrat,Republican,-0.4214,0.6102,1.0316,2
117,10595,10693,Democrat,Republican,-0.4214,0.6362,1.0576,3
117,10595,10713,Democrat,Republican,-0.4214,0.4112,0.8326,1
117,10596,10689,Democrat,Republican,-0.4075,0.649,1.0565,4
117,10596,10699,Democrat,Republican,-0.4075,0.5869,0.9944,3
117,10596,10716,Democrat,Republican,-0.4075,0.4033,0.8108,1
117,10596,10743,Democrat,Republican,-0.4075,0.4656,0.8731,9
117,10596,10753,Democrat,Republican,-0.4075,0.3376,0.7451,1
117,10596,10769,Democrat,Republican,-0.4075,0.6115,1.019,3
117,10596,10792,Democrat,Republican,-0.4075,0.4953,0.9028,4
117,10596,10842,Democrat,Republican,-0.4075,0.4388,0.8463,1
117,10596,10850,Democrat,Republican,-0.4075,0.4832,0.8907,3
117,10596,10856,Democrat,Republican,-0.4075,0.4707,0.8782,1
117,10597,10655,Democrat,Republican,-0.4075,0.4634,0.8709,5
117,10597,10661,Democrat,Republican,-0.4075,0.6664,1.0739,5
117,10597,10700,Democrat,Republican,-0.4075,0.3524,0.7599,5
117,10597,10793,Democrat,Republican,-0.4075,0.5449,0.9524,2
117,10597,10839,Democrat,Republican,-0.4075,0.4906,0.8981,1
117,10597,10861,Democrat,Republican,-0.4075,0.5265,0.934,1
117,10598,10668,Democrat,Republican,-0.3748,0.6223,0.9971,6
117,10598,10682,Democrat,Republican,-0.3748,0.5486,0.9234,2
117,10598,10713,Democrat,Republican,-0.3748,0.4112,0.786,2
117,10598,10722,Democrat,Republican,-0.3748,0.3619,0.7367,2
117,10598,10731,Democrat,Republican,-0.3748,0.3987,0.7735,1
117,10598,10742,Democrat,Republican,-0.3748,0.5529,0.9277,1
117,10598,10799,Democrat,Republican,-0.3748,0.5439,0.9187,3
117,10598,10801,Democrat,Republican,-0.3748,0.4889,0.8637,1
117,10599,10755,Democrat,Republican,-0.4255,0.4877,0.9132,1
117,10599,10782,Democrat,Republican,-0.4255,0.3932,0.8187,1
117,10599,10789,Democrat,Republican,-0.4255,0.3832,0.8087,1
117,10599,10796,Democrat,Republican,-0.4255,0.515,0.9405,1
117,10599,10818,Democrat,Republican,-0.4255,0.5582,0.9837,1
117,10599,10822,Democrat,Republican,-0.4255,0.5342,0.9597,4
117,10599,10838,Democrat,Republican,-0.4255,0.4784,0.9039,6
117,10600,10698,Democrat,Republican,-0.4195,0.7334,1.1529,3
117,10600,10756,Democrat,Republican,-0.4195,0.5397,0.9592,2
117,10600,10805,Democrat,Republican,-0.4195,0.6237,1.0432,1
117,10600,10828,Democrat,Republican,-0.4195,0.5653,0.9848,1
117,10600,10841,Democrat,Republican,-0.4195,0.4248,0.8443,3
117,10600,10845,Democrat,Republican,-0.4195,0.5057,0.9252,4
117,10601,10650,Democrat,Republican,-0.349,0.4025,0.7515,2
117,10601,10703,Democrat,Republican,-0.349,0.5021,0.8511,1
117,10601,10749,Democrat,Republican,-0.349,0.3695,0.7185,1
117,10601,10752,Democrat,Republican,-0.349,0.639,0.988,1
117,10601,10791,Democrat,Republican,-0.349,0.5167,0.8657,1
117,10601,10802,Democrat,Republican,-0.349,0.5861,0.9351,4
117,10601,10810,Democrat,Republican,-0.349,0.5857,0.9347,1
117,10601,10819,Democrat,Republican,-0.349,0.5396,0.8886,2
117,10601,10849,Democrat,Republican,-0.349,0.5146,0.8636,9
117,10602,10704,Democrat,Republican,-0.5065,0.6545,1.161,5
117,10602,10721,Democrat,Republican,-0.5065,0.5226,1.0291,2
117,10602,10750,Democrat,Republican,-0.5065,0.5256,1.0321,2
117,10602,10763,Democrat,Republican,-0.5065,0.5112,1.0177,1
117,10602,10804,Democrat,Republican,-0.5065,0.544,1.0505,3
117,10602,10829,Democrat,Republican,-0.5065,0.4902,0.9967,3
117,10603,10786,Democrat,Republican,-0.5227,0.6225,1.1452,2
117,10603,10789,Democrat,Republican,-0.5227,0.3832,0.9059,8
117,10604,10698,Democrat,Republican,-0.5508,0.7334,1.2842,2
117,10604,10740,Democrat,Republican,-0.5508,0.4091,0.9599,3
117,10604,10751,Democrat,Republican,-0.5508,0.5693,1.1201,2
117,10604,10760,Democrat,Republican,-0.5508,0.4587,1.0095,1
117,10604,10777,Democrat,Republican,-0.5508,0.3985,0.9493,4
117,10604,10812,Democrat,Republican,-0.5508,0.5604,1.1112,8
117,10605,10659,Democrat,Republican,-0.4345,0.6005,1.035,3
117,10605,10669,Democrat,Republican,-0.4345,0.5459,0.9804,1
117,10605,10686,Democrat,Republican,-0.4345,0.4635,0.898,1
117,10605,10713,Democrat,Republican,-0.4345,0.4112,0.8457,3
117,10605,10767,Democrat,Republican,-0.4345,0.2683,0.7028,3
117,10605,10768,Democrat,Republican,-0.4345,0.6821,1.1166,3
117,10605,10772,Democrat,Republican,-0.4345,0.6821,1.1166,6
117,10605,10813,Democrat,Republican,-0.4345,0.531,0.9655,2
117,10605,10831,Democrat,Republican,-0.4345,0.6692,1.1037,1
117,10605,10843,Democrat,Republican,-0.4345,0.4654,0.8999,3
117,10605,10846,Democrat,Republican,-0.4345,0.5214,0.9559,2
117,10606,10655,Democrat,Republican,-0.6076,0.4634,1.071,4
117,10606,10682,Democrat,Republican,-0.6076,0.5486,1.1562,1
117,10606,10731,Democrat,Republican,-0.6076,0.3987,1.0063,1
117,10606,10784,Democrat,Republican,-0.6076,0.6127,1.2203,1
117,10607,10710,Democrat,Republican,-0.4107,0.4901,0.9008,1
117,10607,10716,Democrat,Republican,-0.4107,0.4033,0.814,6
117,10607,10773,Democrat,Republican,-0.4107,0.6191,1.0298,2
117,10607,10781,Democrat,Republican,-0.4107,0.4278,0.8385,1
117,10607,10853,Democrat,Republican,-0.4107,0.5216,0.9323,1
117,10607,10860,Democrat,Republican,-0.4107,0.492,0.9027,3
117,10608,10655,Democrat,Republican,-0.4593,0.4634,0.9227,3
117,10608,10658,Democrat,Republican,-0.4593,0.4602,0.9195,1
117,10608,10714,Democrat,Republican,-0.4593,0.3669,0.8262,17
117,10608,10724,Democrat,Republican,-0.4593,0.5464,1.0057,2
117,10608,10818,Democrat,Republican,-0.4593,0.5582,1.0175,2
117,10608,10850,Democrat,Republican,-0.4593,0.4832,0.9425,1
117,10608,10857,Democrat,Republican,-0.4593,0.5688,1.0281,1
117,10608,10860,Democrat,Republican,-0.4593,0.492,0.9513,1
117,10609,10680,Democrat,Republican,-0.3536,0.6124,0.966,9
117,10609,10715,Democrat,Republican,-0.3536,0.5179,0.8715,1
117,10609,10722,Democrat,Republican,-0.3536,0.3619,0.7155,5
117,10609,10824,Democrat,Republican,-0.3536,0.5735,0.9271,5
117,10609,10843,Democrat,Republican,-0.3536,0.4654,0.819,1
117,10609,10845,Democrat,Republican,-0.3536,0.5057,0.8593,2
117,10610,10654,Democrat,Republican,-0.5071,0.3901,0.8972,3
117,10610,10668,Democrat,Republican,-0.5071,0.6223,1.1294,2
117,10610,10670,Democrat,Republican,-0.5071,0.4859,0.993,1
117,10610,10675,Democrat,Republican,-0.5071,0.4071,0.9142,3
117,10610,10682,Democrat,Republican,-0.5071,0.5486,1.0557,1
117,10610,10715,Democrat,Republican,-0.5071,0.5179,1.025,2
117,10610,10755,Democrat,Republican,-0.5071,0.4877,0.9948,1
117,10610,10789,Democrat,Republican,-0.5071,0.3832,0.8903,1
117,10611,10697,Democrat,Republican,-0.4673,0.664,1.1313,4
117,10611,10724,Democrat,Republican,-0.4673,0.5464,1.0137,3
117,10611,10787,Democrat,Republican,-0.4673,0.6352,1.1025,1
117,10611,10795,Democrat,Republican,-0.4673,0.6168,1.0841,1
117,10611,10847,Democrat,Republican,-0.4673,0.6543,1.1216,3
117,10612,10694,Democrat,Republican,-0.3546,0.532,0.8866,2
117,10612,10700,Democrat,Republican,-0.3546,0.3524,0.707,1
117,10612,10703,Democrat,Republican,-0.3546,0.5021,0.8567,2
117,10612,10705,Democrat,Republican,-0.3546,0.5929,0.9475,1
117,10612,10718,Democrat,Republican,-0.3546,0.6074,0.962,2
117,10612,10755,Democrat,Republican,-0.3546,0.4877,0.8423,2
117,10612,10804,Democrat,Republican,-0.3546,0.544,0.8986,3
117,10613,10651,Democrat,Republican,-0.3324,0.5203,0.8527,2
117,10613,10660,Democrat,Republican,-0.3324,0.4339,0.7663,1
117,10613,10671,Democrat,Republican,-0.3324,0.6102,0.9426,11
117,10613,10688,Democrat,Republican,-0.3324,0.5166,0.849,6
117,10613,10792,Democrat,Republican,-0.3324,0.4953,0.8277,2
117,10613,10816,Democrat,Republican,-0.3324,0.5095,0.8419,2
117,10613,10820,Democrat,Republican,-0.3324,0.6935,1.0259,2
117,10613,10822,Democrat,Republican,-0.3324,0.5342,0.8666,3
117,10613,10842,Democrat,Republican,-0.3324,0.4388,0.7712,1
117,10613,10855,Democrat,Republican,-0.3324,0.4668,0.7992,15
117,10614,10670,Democrat,Republican,-0.5078,0.4859,0.9937,2
117,10614,10714,Democrat,Republican,-0.5078,0.3669,0.8747,3
117,10614,10734,Democrat,Republican,-0.5078,0.4916,0.9994,1
117,10614,10761,Democrat,Republican,-0.5078,0.6241,1.1319,3
117,10614,10790,Democrat,Republican,-0.5078,0.499,1.0068,1
117,10614,10804,Democrat,Republican,-0.5078,0.544,1.0518,4
117,10614,10829,Democrat,Republican,-0.5078,0.4902,0.998,2
117,10614,10837,Democrat,Republican,-0.5078,0.478,0.9858,6
117,10614,10851,Democrat,Republican,-0.5078,0.4622,0.97,4
117,10614,10854,Democrat,Republican,-0.5078,0.5052,1.013,3
117,10615,10672,Democrat,Republican,-0.4345,0.5346,0.9691,1
117,10615,10677,Democrat,Republican,-0.4345,0.6392,1.0737,5
117,10615,10740,Democrat,Republican,-0.4345,0.4091,0.8436,3
117,10615,10756,Democrat,Republican,-0.4345,0.5397,0.9742,4
117,10615,10773,Democrat,Republican,-0.4345,0.6191,1.0536,1
117,10615,10776,Democrat,Republican,-0.4345,0.5595,0.994,3
117,10615,10794,Democrat,Republican,-0.4345,0.5797,1.0142,2
117,10615,10807,Democrat,Republican,-0.4345,0.4882,0.9227,1
117,10615,10852,Democrat,Republican,-0.4345,0.6023,1.0368,1
117,10616,10675,Democrat,Republican,-0.425,0.4071,0.8321,1
117,10616,10710,Democrat,Republican,-0.425,0.4901,0.9151,4
117,10616,10717,Democrat,Republican,-0.425,0.5442,0.9692,1
117,10616,10740,Democrat,Republican,-0.425,0.4091,0.8341,1
117,10616,10743,Democrat,Republican,-0.425,0.4656,0.8906,2
117,10616,10822,Democrat,Republican,-0.425,0.5342,0.9592,1
117,10617,10650,Democrat,Republican,-0.4182,0.4025,0.8207,2
117,10617,10696,Democrat,Republican,-0.4182,0.4431,0.8613,8
117,10617,10720,Democrat,Republican,-0.4182,0.5581,0.9763,3
117,10617,10724,Democrat,Republican,-0.4182,0.5464,0.9646,2
117,10617,10736,Democrat,Republican,-0.4182,0.2491,0.6673,7
117,10617,10777,Democrat,Republican,-0.4182,0.3985,0.8167,3
117,10617,10794,Democrat,Republican,-0.4182,0.5797,0.9979,1
117,10617,10796,Democrat,Republican,-0.4182,0.515,0.9332,2
117,10618,10694,Democrat,Republican,-0.4723,0.532,1.0043,6
117,10618,10779,Democrat,Republican,-0.4723,0.5751,1.0474,3
117,10618,10794,Democrat,Republican,-0.4723,0.5797,1.052,1
117,10618,10816,Democrat,Republican,-0.4723,0.5095,0.9818,2
117,10618,10833,Democrat,Republican,-0.4723,0.4895,0.9618,2
117,10618,10837,Democrat,Republican,-0.4723,0.478,0.9503,2
117,10619,10704,Democrat,Republican,-0.3411,0.6545,0.9956,3
117,10619,10778,Democrat,Republican,-0.3411,0.5123,0.8534,2
117,10619,10801,Democrat,Republican,-0.3411,0.4889,0.83,1
117,10619,10804,Democrat,Republican,-0.3411,0.544,0.8851,1
117,10619,10806,Democrat,Republican,-0.3411,0.4805,0.8216,3
117,10619,10853,Democrat,Republican,-0.3411,0.5216,0.8627,2
117,10619,10856,Democrat,Republican,-0.3411,0.4707,0.8118,3
117,10620,10711,Democrat,Republican,-0.6106,0.6457,1.2563,4
117,10620,10738,Democrat,Republican,-0.6106,0.45,1.0606,4
117,10620,10749,Democrat,Republican,-0.6106,0.3695,0.9801,1
117,10620,10768,Democrat,Republican,-0.6106,0.6821,1.2927,4
117,10620,10800,Democrat,Republican,-0.6106,0.6501,1.2607,1
117,10620,10804,Democrat,Republican,-0.6106,0.544,1.1546,3
117,10620,10816,Democrat,Republican,-0.6106,0.5095,1.1201,1
117,10620,10839,Democrat,Republican,-0.6106,0.4906,1.1012,2
117,10621,10670,Democrat,Republican,-0.4858,0.4859,0.9717,1
117,10621,10686,Democrat,Republican,-0.4858,0.4635,0.9493,2
117,10621,10731,Democrat,Republican,-0.4858,0.3987,0.8845,3
117,10621,10734,Democrat,Republican,-0.4858,0.4916,0.9774,3
117,10621,10766,Democrat,Republican,-0.4858,0.624,1.1098,1
117,10621,10768,Democrat,Republican,-0.4858,0.6821,1.1679,1
117,10621,10782,Democrat,Republican,-0.4858,0.3932,0.879,3
117,10621,10789,Democrat,Republican,-0.4858,0.3832,0.869,2
117,10621,10818,Democrat,Republican,-0.4858,0.5582,1.044,3
117,10621,10846,Democrat,Republican,-0.4858,0.5214,1.0072,1
117,10621,10851,Democrat,Republican,-0.4858,0.4622,0.948,1
117,10622,10659,Democrat,Republican,-0.4119,0.6005,1.0124,7
117,10622,10670,Democrat,Republican,-0.4119,0.4859,0.8978,3
117,10622,10672,Democrat,Republican,-0.4119,0.5346,0.9465,1
117,10622,10690,Democrat,Republican,-0.4119,0.4945,0.9064,1
117,10622,10710,Democrat,Republican,-0.4119,0.4901,0.902,1
117,10622,10736,Democrat,Republican,-0.4119,0.2491,0.661,1
117,10622,10793,Democrat,Republican,-0.4119,0.5449,0.9568,1
117,10622,10799,Democrat,Republican,-0.4119,0.5439,0.9558,3
117,10623,10691,Democrat,Republican,-0.4111,0.494,0.9051,1
117,10623,10729,Democrat,Republican,-0.4111,0.3338,0.7449,4
117,10623,10760,Democrat,Republican,-0.4111,0.4587,0.8698,2
117,10624,10651,Democrat,Republican,-0.335,0.5203,0.8553,2
117,10624,10657,Democrat,Republican,-0.335,0.6691,1.0041,1
117,10624,10688,Democrat,Republican,-0.335,0.5166,0.8516,2
117,10624,10712,Democrat,Republican,-0.335,0.7304,1.0654,3
117,10624,10729,Democrat,Republican,-0.335,0.3338,0.6688,4
117,10624,10740,Democrat,Republican,-0.335,0.4091,0.7441,1
117,10624,10798,Democrat,Republican,-0.335,0.4965,0.8315,1
117,10624,10830,Democrat,Republican,-0.335,0.4864,0.8214,1
117,10624,10861,Democrat,Republican,-0.335,0.5265,0.8615,2
117,10625,10670,Democrat,Republican,-0.3482,0.4859,0.8341,3
117,10625,10732,Democrat,Republican,-0.3482,0.5703,0.9185,1
117,10625,10767,Democrat,Republican,-0.3482,0.2683,0.6165,1
117,10625,10858,Democrat,Republican,-0.3482,0.4216,0.7698,1
117,10626,10714,Democrat,Republican,-0.4743,0.3669,0.8412,1
117,10626,10781,Democrat,Republican,-0.4743,0.4278,0.9021,4
117,10626,10848,Democrat,Republican,-0.4743,0.6566,1.1309,6
117,10627,10663,Democrat,Republican,-0.3395,0.6255,0.965,1
117,10627,10703,Democrat,Republican,-0.3395,0.5021,0.8416,2
117,10627,10717,Democrat,Republican,-0.3395,0.5442,0.8837,2
117,10627,10723,Democrat,Republican,-0.3395,0.5424,0.8819,1
117,10627,10727,Democrat,Republican,-0.3395,0.5008,0.8403,2
117,10627,10756,Democrat,Republican,-0.3395,0.5397,0.8792,1
117,10627,10822,Democrat,Republican,-0.3395,0.5342,0.8737,4
117,10627,10829,Democrat,Republican,-0.3395,0.4902,0.8297,3
117,10627,10833,Democrat,Republican,-0.3395,0.4895,0.829,1
117,10628,10685,Democrat,Republican,-0.5107,0.398,0.9087,6
117,10628,10781,Democrat,Republican,-0.5107,0.4278,0.9385,4
117,10628,10782,Democrat,Republican,-0.5107,0.3932,0.9039,2
117,10628,10822,Democrat,Republican,-0.5107,0.5342,1.0449,1
117,10628,10825,Democrat,Republican,-0.5107,0.4396,0.9503,2
117,10628,10828,Democrat,Republican,-0.5107,0.5653,1.076,2
117,10629,10652,Democrat,Republican,-0.3709,0.5611,0.932,1
117,10629,10668,Democrat,Republican,-0.3709,0.6223,0.9932,2
117,10629,10680,Democrat,Republican,-0.3709,0.6124,0.9833,2
117,10629,10781,Democrat,Republican,-0.3709,0.4278,0.7987,3
117,10629,10797,Democrat,Republican,-0.3709,0.3687,0.7396,5
117,10629,10813,Democrat,Republican,-0.3709,0.531,0.9019,1
117,10629,10854,Democrat,Republican,-0.3709,0.5052,0.8761,1
117,10630,10658,Democrat,Republican,-0.2961,0.4602,0.7563,3
117,10630,10665,Democrat,Republican,-0.2961,0.601,0.8971,1
117,10630,10679,Democrat,Republican,-0.2961,0.4923,0.7884,2
117,10630,10693,Democrat,Republican,-0.2961,0.6362,0.9323,5
117,10630,10724,Democrat,Republican,-0.2961,0.5464,0.8425,2
117,10630,10729,Democrat,Republican,-0.2961,0.3338,0.6299,1
117,10630,10736,Democrat,Republican,-0.2961,0.2491,0.5452,6
117,10630,10740,Democrat,Republican,-0.2961,0.4091,0.7052,2
117,10630,10769,Democrat,Republican,-0.2961,0.6115,0.9076,3
117,10630,10773,Democrat,Republican,-0.2961,0.6191,0.9152,2
117,10630,10792,Democrat,Republican,-0.2961,0.4953,0.7914,1
117,10630,10798,Democrat,Republican,-0.2961,0.4965,0.7926,2
117,10630,10800,Democrat,Republican,-0.2961,0.6501,0.9462,2
117,10630,10814,Democrat,Republican,-0.2961,0.5593,0.8554,1
117,10630,10861,Democrat,Republican,-0.2961,0.5265,0.8226,2
117,10631,10713,Democrat,Republican,-0.3467,0.4112,0.7579,1
117,10631,10783,Democrat,Republican,-0.3467,0.4733,0.82,1
117,10631,10797,Democrat,Republican,-0.3467,0.3687,0.7154,5
117,10631,10845,Democrat,Republican,-0.3467,0.5057,0.8524,4
117,10631,10857,Democrat,Republican,-0.3467,0.5688,0.9155,1
117,10632,10659,Democrat,Republican,-0.441,0.6005,1.0415,1
117,10632,10736,Democrat,Republican,-0.441,0.2491,0.6901,2
117,10632,10763,Democrat,Republican,-0.441,0.5112,0.9522,1
117,10632,10821,Democrat,Republican,-0.441,0.4508,0.8918,3
117,10632,10857,Democrat,Republican,-0.441,0.5688,1.0098,3
117,10633,10678,Democrat,Republican,-0.4782,0.556,1.0342,2
117,10633,10696,Democrat,Republican,-0.4782,0.4431,0.9213,1
117,10633,10704,Democrat,Republican,-0.4782,0.6545,1.1327,1
117,10633,10735,Democrat,Republican,-0.4782,0.4514,0.9296,3
117,10633,10747,Democrat,Republican,-0.4782,0.5236,1.0018,5
117,10633,10750,Democrat,Republican,-0.4782,0.5256,1.0038,2
117,10633,10762,Democrat,Republican,-0.4782,0.579,1.0572,2
117,10633,10766,Democrat,Republican,-0.4782,0.624,1.1022,3
117,10633,10771,Democrat,Republican,-0.4782,0.6514,1.1296,3
117,10633,10823,Democrat,Republican,-0.4782,0.3984,0.8766,4
117,10633,10861,Democrat,Republican,-0.4782,0.5265,1.0047,1
117,10634,10748,Democrat,Republican,-0.5799,0.4553,1.0352,1
117,10634,10843,Democrat,Republican,-0.5799,0.4654,1.0453,1
117,10634,10850,Democrat,Republican,-0.5799,0.4832,1.0631,3
117,10634,10857,Democrat,Republican,-0.5799,0.5688,1.1487,1
117,10635,10660,Democrat,Republican,-0.4236,0.4339,0.8575,3
117,10635,10684,Democrat,Republican,-0.4236,0.6101,1.0337,4
117,10635,10685,Democrat,Republican,-0.4236,0.398,0.8216,2
117,10635,10715,Democrat,Republican,-0.4236,0.5179,0.9415,12
117,10635,10736,Democrat,Republican,-0.4236,0.2491,0.6727,6
117,10635,10763,Democrat,Republican,-0.4236,0.5112,0.9348,4
117,10635,10777,Democrat,Republican,-0.4236,0.3985,0.8221,1
117,10635,10796,Democrat,Republican,-0.4236,0.515,0.9386,1
117,10635,10797,Democrat,Republican,-0.4236,0.3687,0.7923,1
117,10635,10832,Democrat,Republican,-0.4236,0.5656,0.9892,1
117,10636,10716,Democrat,Republican,-0.5448,0.4033,0.9481,1
117,10636,10756,Democrat,Republican,-0.5448,0.5397,1.0845,10
117,10636,10759,Democrat,Republican,-0.5448,0.5767,1.1215,1
117,10636,10791,Democrat,Republican,-0.5448,0.5167,1.0615,1
117,10636,10805,Democrat,Republican,-0.5448,0.6237,1.1685,2
117,10636,10815,Democrat,Republican,-0.5448,0.4986,1.0434,1
117,10636,10862,Democrat,Republican,-0.5448,0.4197,0.9645,2
117,10637,10657,Democrat,Republican,-0.5174,0.6691,1.1865,4
117,10637,10667,Democrat,Republican,-0.5174,0.6167,1.1341,1
117,10637,10694,Democrat,Republican,-0.5174,0.532,1.0494,4
117,10637,10703,Democrat,Republican,-0.5174,0.5021,1.0195,2
117,10637,10718,Democrat,Republican,-0.5174,0.6074,1.1248,1
117,10637,10762,Democrat,Republican,-0.5174,0.579,1.0964,3
117,10637,10798,Democrat,Republican,-0.5174,0.4965,1.0139,2
117,10637,10808,Democrat,Republican,-0.5174,0.5389,1.0563,4
117,10637,10826,Democrat,Republican,-0.5174,0.515,1.0324,3
117,10638,10674,Democrat,Republican,-0.5512,0.4572,1.0084,4
117,10638,10784,Democrat,Republican,-0.5512,0.6127,1.1639,3
117,10638,10808,Democrat,Republican,-0.5512,0.5389,1.0901,4
117,10638,10848,Democrat,Republican,-0.5512,0.6566,1.2078,2
117,10639,10675,Democrat,Republican,-0.4891,0.4071,0.8962,2
117,10639,10676,Democrat,Republican,-0.4891,0.4941,0.9832,2
117,10639,10685,Democrat,Republican,-0.4891,0.398,0.8871,2
117,10639,10690,Democrat,Republican,-0.4891,0.4945,0.9836,5
117,10639,10729,Democrat,Republican,-0.4891,0.3338,0.8229,1
117,10639,10730,Democrat,Republican,-0.4891,0.4402,0.9293,5
117,10639,10735,Democrat,Republican,-0.4891,0.4514,0.9405,4
117,10639,10736,Democrat,Republican,-0.4891,0.2491,0.7382,2
117,10639,10770,Democrat,Republican,-0.4891,0.7206,1.2097,1
117,10639,10796,Democrat,Republican,-0.4891,0.515,1.0041,2
117,10639,10806,Democrat,Republican,-0.4891,0.4805,0.9696,1
117,10639,10807,Democrat,Republican,-0.4891,0.4882,0.9773,2
117,10639,10818,Democrat,Republican,-0.4891,0.5582,1.0473,2
117,10640,10686,Democrat,Republican,-0.4524,0.4635,0.9159,3
117,10640,10724,Democrat,Republican,-0.4524,0.5464,0.9988,3
117,10640,10732,Democrat,Republican,-0.4524,0.5703,1.0227,9
117,10640,10741,Democrat,Republican,-0.4524,0.6275,1.0799,1
117,10640,10753,Democrat,Republican,-0.4524,0.3376,0.79,2
117,10640,10754,Democrat,Republican,-0.4524,0.4387,0.8911,3
117,10640,10780,Democrat,Republican,-0.4524,0.5467,0.9991,2
117,10640,10825,Democrat,Republican,-0.4524,0.4396,0.892,6
117,10641,10797,Democrat,Republican,-0.4267,0.3687,0.7954,1
117,10641,10826,Democrat,Republican,-0.4267,0.515,0.9417,1
117,10641,10840,Democrat,Republican,-0.4267,0.4865,0.9132,3
117,10641,10853,Democrat,Republican,-0.4267,0.5216,0.9483,4
117,10641,10857,Democrat,Republican,-0.4267,0.5688,0.9955,1
117,10642,10672,Democrat,Republican,-0.501,0.5346,1.0356,3
117,10642,10782,Democrat,Republican,-0.501,0.3932,0.8942,2
117,10642,10843,Democrat,Republican,-0.501,0.4654,0.9664,3
117,10642,10861,Democrat,Republican,-0.501,0.5265,1.0275,1
117,10642,10862,Democrat,Republican,-0.501,0.4197,0.9207,3
117,10643,10689,Democrat,Republican,-0.3591,0.649,1.0081,2
117,10643,10732,Democrat,Republican,-0.3591,0.5703,0.9294,2
117,10643,10759,Democrat,Republican,-0.3591,0.5767,0.9358,2
117,10643,10815,Democrat,Republican,-0.3591,0.4986,0.8577,4
117,10644,10733,Democrat,Republican,-0.4677,0.4934,0.9611,6
117,10644,10803,Democrat,Republican,-0.4677,0.5661,1.0338,1
117,10644,10830,Democrat,Republican,-0.4677,0.4864,0.9541,1
117,10644,10858,Democrat,Republican,-0.4677,0.4216,0.8893,7
117,10645,10755,Democrat,Republican,-0.517,0.4877,1.0047,1
117,10645,10762,Democrat,Republican,-0.517,0.579,1.096,3
117,10645,10771,Democrat,Republican,-0.517,0.6514,1.1684,1
117,10645,10773,Democrat,Republican,-0.517,0.6191,1.1361,3
117,10645,10787,Democrat,Republican,-0.517,0.6352,1.1522,1
117,10645,10814,Democrat,Republican,-0.517,0.5593,1.0763,2
117,10645,10845,Democrat,Republican,-0.517,0.5057,1.0227,2
117,10646,10752,Democrat,Republican,-0.4308,0.639,1.0698,2
117,10646,10785,Democrat,Republican,-0.4308,0.6822,1.113,1
117,10646,10821,Democrat,Republican,-0.4308,0.4508,0.8816,4
117,10646,10839,Democrat,Republican,-0.4308,0.4906,0.9214,3
117,10647,10686,Democrat,Republican,-0.2831,0.4635,0.7466,5
117,10647,10716,Democrat,Republican,-0.2831,0.4033,0.6864,1
117,10647,10719,Democrat,Republican,-0.2831,0.6745,0.9576,1
117,10647,10729,Democrat,Republican,-0.2831,0.3338,0.6169,1
117,10647,10731,Democrat,Republican,-0.2831,0.3987,0.6818,2
117,10647,10736,Democrat,Republican,-0.2831,0.2491,0.5322,2
117,10647,10743,Democrat,Republican,-0.2831,0.4656,0.7487,5
117,10647,10762,Democrat,Republican,-0.2831,0.579,0.8621,4
117,10647,10763,Democrat,Republican,-0.2831,0.5112,0.7943,5
117,10647,10781,Democrat,Republican,-0.2831,0.4278,0.7109,1
117,10647,10798,Democrat,Republican,-0.2831,0.4965,0.7796,4
117,10647,10801,Democrat,Republican,-0.2831,0.4889,0.772,2
117,10647,10825,Democrat,Republican,-0.2831,0.4396,0.7227,1
117,10647,10828,Democrat,Republican,-0.2831,0.5653,0.8484,11
117,10648,10654,Democrat,Republican,-0.4215,0.3901,0.8116,3
117,10648,10688,Democrat,Republican,-0.4215,0.5166,0.9381,1
117,10648,10694,Democrat,Republican,-0.4215,0.532,0.9535,1
117,10648,10705,Democrat,Republican,-0.4215,0.5929,1.0144,2
117,10648,10716,Democrat,Republican,-0.4215,0.4033,0.8248,3
117,10648,10726,Democrat,Republican,-0.4215,0.4762,0.8977,8
117,10648,10743,Democrat,Republican,-0.4215,0.4656,0.8871,1
117,10648,10760,Democrat,Republican,-0.4215,0.4587,0.8802,7
117,10648,10816,Democrat,Republican,-0.4215,0.5095,0.931,2
117,10648,10822,Democrat,Republican,-0.4215,0.5342,0.9557,1
117,10648,10830,Democrat,Republican,-0.4215,0.4864,0.9079,2
117,10648,10849,Democrat,Republican,-0.4215,0.5146,0.9361,3
117,10648,10855,Democrat,Republican,-0.4215,0.4668,0.8883,2
117,10649,10674,Democrat,Republican,-0.4808,0.4572,0.938,2
117,10649,10679,Democrat,Republican,-0.4808,0.4923,0.9731,2
117,10649,10721,Democrat,Republican,-0.4808,0.5226,1.0034,2
117,10649,10777,Democrat,Republican,-0.4808,0.3985,0.8793,2
117,10649,10809,Democrat,Republican,-0.4808,0.4824,0.9632,1
117,10649,10832,Democrat,Republican,-0.4808,0.5656,1.0464,6
117,10649,10841,Democrat,Republican,-0.4808,0.4248,0.9056,1
